location_id,short_name,lead_hours,value_old,value_new,absolute_difference,tolerance,within_tolerance
binh_dinh_grid_010,10u,0,1.4069932103157043,1.407039150595665,4.5940279960632324e-05,0.001,True
binh_dinh_grid_011,10u,0,2.0193284153938293,2.019343838095665,1.5422701835632324e-05,0.001,True
binh_dinh_grid_013,10u,0,0.9592087864875793,0.959163174033165,4.5612454414367676e-05,0.001,True
binh_dinh_grid_014,10u,0,0.7723191380500793,0.772273525595665,4.5612454414367676e-05,0.001,True
binh_dinh_grid_016,10u,0,0.9343979954719543,0.934382900595665,1.5094876289367676e-05,0.001,True
binh_dinh_grid_010,10v,0,1.5954419374465942,1.5954333543777466,8.58306884765625e-06,0.001,True
binh_dinh_grid_011,10v,0,2.0870190858840942,2.0870105028152466,8.58306884765625e-06,0.001,True
binh_dinh_grid_013,10v,0,1.2391186952590942,1.2391101121902466,8.58306884765625e-06,0.001,True
binh_dinh_grid_014,10v,0,1.3312817811965942,1.3312731981277466,8.58306884765625e-06,0.001,True
binh_dinh_grid_016,10v,0,0.7090893983840942,0.7090808153152466,8.58306884765625e-06,0.001,True
binh_dinh_grid_010,2d,0,296.1426696777344,296.14263916015625,3.0517578125e-05,0.001,True
binh_dinh_grid_011,2d,0,296.5256652832031,296.525634765625,3.0517578125e-05,0.001,True
binh_dinh_grid_013,2d,0,296.0049743652344,296.0050048828125,3.0517578125e-05,0.001,True
binh_dinh_grid_014,2d,0,296.9165344238281,296.91650390625,3.0517578125e-05,0.001,True
binh_dinh_grid_016,2d,0,295.8731994628906,295.87322998046875,3.0517578125e-05,0.001,True
binh_dinh_grid_010,2t,0,301.6611328125,301.66119384765625,6.103515625e-05,0.001,True
binh_dinh_grid_011,2t,0,301.27056884765625,301.27056884765625,0.0,0.001,True
binh_dinh_grid_013,2t,0,299.89727783203125,299.89727783203125,0.0,0.001,True
binh_dinh_grid_014,2t,0,301.54791259765625,301.54791259765625,0.0,0.001,True
binh_dinh_grid_016,2t,0,299.8114013671875,299.81146240234375,6.103515625e-05,0.001,True
binh_dinh_grid_010,sp,0,100176.78125,100176.75,0.03125,0.2,True
binh_dinh_grid_011,sp,0,100117.46875,100117.5,0.03125,0.2,True
binh_dinh_grid_013,sp,0,97969.71875,97969.75,0.03125,0.2,True
binh_dinh_grid_014,sp,0,100233.96875,100234.0,0.03125,0.2,True
binh_dinh_grid_016,sp,0,97718.46875,97718.5,0.03125,0.2,True
binh_dinh_grid_010,tcc,0,99.27503204345703,99.27506256103516,3.0517578125e-05,0.005,True
binh_dinh_grid_011,tcc,0,99.85987091064453,99.8598403930664,3.0517578125e-05,0.005,True
binh_dinh_grid_013,tcc,0,99.72437286376953,99.7243423461914,3.0517578125e-05,0.005,True
binh_dinh_grid_014,tcc,0,99.9007339477539,99.9007339477539,0.0,0.005,True
binh_dinh_grid_016,tcc,0,99.87454986572266,99.87454986572266,0.0,0.005,True
binh_dinh_grid_010,ssr,0,0.0,0.0,0.0,2048.0,True
binh_dinh_grid_011,ssr,0,0.0,0.0,0.0,2048.0,True
binh_dinh_grid_013,ssr,0,0.0,0.0,0.0,2048.0,True
binh_dinh_grid_014,ssr,0,0.0,0.0,0.0,2048.0,True
binh_dinh_grid_016,ssr,0,0.0,0.0,0.0,2048.0,True
binh_dinh_grid_010,tp,0,0.0,0.0,0.0,0.0001,True
binh_dinh_grid_011,tp,0,0.0,0.0,0.0,0.0001,True
binh_dinh_grid_013,tp,0,0.0,0.0,0.0,0.0001,True
binh_dinh_grid_014,tp,0,0.0,0.0,0.0,0.0001,True
binh_dinh_grid_016,tp,0,0.0,0.0,0.0,0.0001,True
binh_dinh_grid_010,10u,6,1.466862678527832,1.4669814109802246,0.00011873245239257812,0.001,True
binh_dinh_grid_011,10u,6,-1.692683219909668,-1.6926865577697754,3.337860107421875e-06,0.001,True
binh_dinh_grid_013,10u,6,0.42023181915283203,0.4203505516052246,0.00011873245239257812,0.001,True
binh_dinh_grid_014,10u,6,-1.497492790222168,-1.4973740577697754,0.00011873245239257812,0.001,True
binh_dinh_grid_016,10u,6,1.506291389465332,1.5062880516052246,3.337860107421875e-06,0.001,True
binh_dinh_grid_010,10v,6,2.6955056190490723,2.6955443620681763,3.8743019104003906e-05,0.001,True
binh_dinh_grid_011,10v,6,3.7197976112365723,3.7198363542556763,3.8743019104003906e-05,0.001,True
binh_dinh_grid_013,10v,6,1.1962380409240723,1.1962767839431763,3.8743019104003906e-05,0.001,True
binh_dinh_grid_014,10v,6,2.7526345252990723,2.7526732683181763,3.8743019104003906e-05,0.001,True
binh_dinh_grid_016,10v,6,1.1469216346740723,1.1469603776931763,3.8743019104003906e-05,0.001,True
binh_dinh_grid_010,2d,6,296.5420227050781,296.54205322265625,3.0517578125e-05,0.001,True
binh_dinh_grid_011,2d,6,298.2450256347656,298.24505615234375,3.0517578125e-05,0.001,True
binh_dinh_grid_013,2d,6,298.0113830566406,298.0113525390625,3.0517578125e-05,0.001,True
binh_dinh_grid_014,2d,6,298.2626647949219,298.26263427734375,3.0517578125e-05,0.001,True
binh_dinh_grid_016,2d,6,297.6944274902344,297.6944580078125,3.0517578125e-05,0.001,True
binh_dinh_grid_010,2t,6,307.5334777832031,307.5333251953125,0.000152587890625,0.001,True
binh_dinh_grid_011,2t,6,302.4075012207031,302.4073486328125,0.000152587890625,0.001,True
binh_dinh_grid_013,2t,6,302.0771789550781,302.0772705078125,9.1552734375e-05,0.001,True
binh_dinh_grid_014,2t,6,302.4333801269531,302.4334716796875,9.1552734375e-05,0.001,True
binh_dinh_grid_016,2t,6,301.6856994628906,301.6856689453125,3.0517578125e-05,0.001,True
binh_dinh_grid_010,sp,6,99988.2265625,99988.1953125,0.03125,0.2,True
binh_dinh_grid_011,sp,6,99981.6640625,99981.6953125,0.03125,0.2,True
binh_dinh_grid_013,sp,6,97877.0390625,97877.0703125,0.03125,0.2,True
binh_dinh_grid_014,sp,6,100116.7265625,100116.6953125,0.03125,0.2,True
binh_dinh_grid_016,sp,6,97614.7890625,97614.8203125,0.03125,0.2,True
binh_dinh_grid_010,tcc,6,99.70589447021484,99.70611572265625,0.00022125244140625,0.005,True
binh_dinh_grid_011,tcc,6,95.83480072021484,95.83477783203125,2.288818359375e-05,0.005,True
binh_dinh_grid_013,tcc,6,99.34114837646484,99.34112548828125,2.288818359375e-05,0.005,True
binh_dinh_grid_014,tcc,6,95.13167572021484,95.13140869140625,0.00026702880859375,0.005,True
binh_dinh_grid_016,tcc,6,97.66048431396484,97.66021728515625,0.00026702880859375,0.005,True
binh_dinh_grid_010,ssr,6,11218554.0,11218492.0,62.0,2048.0,True
binh_dinh_grid_011,ssr,6,13151994.0,13152060.0,66.0,2048.0,True
binh_dinh_grid_013,ssr,6,11482874.0,11482812.0,62.0,2048.0,True
binh_dinh_grid_014,ssr,6,12813242.0,12813244.0,2.0,2048.0,True
binh_dinh_grid_016,ssr,6,11922362.0,11922364.0,2.0,2048.0,True
binh_dinh_grid_010,tp,6,0.28515633568167686,0.2851560991257429,2.3655593395233154e-07,0.0001,True
binh_dinh_grid_011,tp,6,1.0259633921086788,1.025963632389903,2.4028122425079346e-07,0.0001,True
binh_dinh_grid_013,tp,6,4.226340379565954,4.22634014301002,2.3655593395233154e-07,0.0001,True
binh_dinh_grid_014,tp,6,2.207719888538122,2.2077201288193464,2.4028122425079346e-07,0.0001,True
binh_dinh_grid_016,tp,6,3.091358747333288,3.0913585107773542,2.3655593395233154e-07,0.0001,True
binh_dinh_grid_010,10u,12,0.005427062511444092,0.005410432815551758,1.6629695892333984e-05,0.001,True
binh_dinh_grid_011,10u,12,-0.4496815800666809,-0.44966769218444824,1.3887882232666016e-05,0.001,True
binh_dinh_grid_013,10u,12,0.2666880488395691,0.26670193672180176,1.3887882232666016e-05,0.001,True
binh_dinh_grid_014,10u,12,-0.5895436406135559,-0.5895602703094482,1.6629695892333984e-05,0.001,True
binh_dinh_grid_016,10u,12,0.1935679316520691,0.19358181953430176,1.3887882232666016e-05,0.001,True
binh_dinh_grid_010,10v,12,1.2618849277496338,1.261921375989914,3.644824028015137e-05,0.001,True
binh_dinh_grid_011,10v,12,3.068769693374634,3.068806141614914,3.644824028015137e-05,0.001,True
binh_dinh_grid_013,10v,12,1.1227247714996338,1.122761219739914,3.644824028015137e-05,0.001,True
binh_dinh_grid_014,10v,12,2.374555826187134,2.374470204114914,8.562207221984863e-05,0.001,True
binh_dinh_grid_016,10v,12,1.0260450839996338,1.026081532239914,3.644824028015137e-05,0.001,True
binh_dinh_grid_010,2d,12,298.8168182373047,298.81683349609375,1.52587890625e-05,0.001,True
binh_dinh_grid_011,2d,12,298.68190002441406,298.681884765625,1.52587890625e-05,0.001,True
binh_dinh_grid_013,2d,12,298.4634246826172,298.46343994140625,1.52587890625e-05,0.001,True
binh_dinh_grid_014,2d,12,298.8965759277344,298.89654541015625,3.0517578125e-05,0.001,True
binh_dinh_grid_016,2d,12,298.2599639892578,298.25994873046875,1.52587890625e-05,0.001,True
binh_dinh_grid_010,2t,12,300.7496032714844,300.7496337890625,3.0517578125e-05,0.001,True
binh_dinh_grid_011,2t,12,300.9644470214844,300.9644775390625,3.0517578125e-05,0.001,True
binh_dinh_grid_013,2t,12,298.8923645019531,298.892333984375,3.0517578125e-05,0.001,True
binh_dinh_grid_014,2t,12,301.4570007324219,301.45703125,3.0517578125e-05,0.001,True
binh_dinh_grid_016,2t,12,298.9007263183594,298.9007568359375,3.0517578125e-05,0.001,True
binh_dinh_grid_010,sp,12,100108.8359375,100108.8359375,0.0,0.2,True
binh_dinh_grid_011,sp,12,100051.0859375,100051.0859375,0.0,0.2,True
binh_dinh_grid_013,sp,12,97930.9609375,97930.9609375,0.0,0.2,True
binh_dinh_grid_014,sp,12,100187.2109375,100187.2109375,0.0,0.2,True
binh_dinh_grid_016,sp,12,97700.9609375,97700.9609375,0.0,0.2,True
binh_dinh_grid_010,tcc,12,99.7269058227539,99.72710418701172,0.0001983642578125,0.005,True
binh_dinh_grid_011,tcc,12,98.3377456665039,98.33757781982422,0.0001678466796875,0.005,True
binh_dinh_grid_013,tcc,12,99.7718276977539,99.77202606201172,0.0001983642578125,0.005,True
binh_dinh_grid_014,tcc,12,96.6189956665039,96.61907196044922,7.62939453125e-05,0.005,True
binh_dinh_grid_016,tcc,12,99.7581558227539,99.75798797607422,0.0001678466796875,0.005,True
binh_dinh_grid_010,ssr,12,15597626.0,15597681.0,55.0,2048.0,True
binh_dinh_grid_011,ssr,12,19439930.0,19439985.0,55.0,2048.0,True
binh_dinh_grid_013,ssr,12,16237114.0,16237041.0,73.0,2048.0,True
binh_dinh_grid_014,ssr,12,19605434.0,19605489.0,55.0,2048.0,True
binh_dinh_grid_016,ssr,12,16699194.0,16699121.0,73.0,2048.0,True
binh_dinh_grid_010,tp,12,6.593186467885971,6.593186616897583,1.4901161193847656e-07,0.0001,True
binh_dinh_grid_011,tp,12,4.0043297708034515,4.004328966140747,8.046627044677734e-07,0.0001,True
binh_dinh_grid_013,tp,12,10.787333577871323,10.787333726882935,1.4901161193847656e-07,0.0001,True
binh_dinh_grid_014,tp,12,4.56327161192894,4.563271760940552,1.4901161193847656e-07,0.0001,True
binh_dinh_grid_016,tp,12,7.345403760671616,7.3454039096832275,1.4901161193847656e-07,0.0001,True
binh_dinh_grid_010,10u,18,1.4168956279754639,1.4169005751609802,4.947185516357422e-06,0.001,True
binh_dinh_grid_011,10u,18,2.932337522506714,2.9323424696922302,4.947185516357422e-06,0.001,True
binh_dinh_grid_013,10u,18,1.5861461162567139,1.5861510634422302,4.947185516357422e-06,0.001,True
binh_dinh_grid_014,10u,18,1.8354747295379639,1.8354796767234802,4.947185516357422e-06,0.001,True
binh_dinh_grid_016,10u,18,1.3694102764129639,1.3694152235984802,4.947185516357422e-06,0.001,True
binh_dinh_grid_010,10v,18,0.8418045043945312,0.8418045043945312,0.0,0.001,True
binh_dinh_grid_011,10v,18,1.4229812622070312,1.4229812622070312,0.0,0.001,True
binh_dinh_grid_013,10v,18,1.3363113403320312,1.3363113403320312,0.0,0.001,True
binh_dinh_grid_014,10v,18,0.8387527465820312,0.8387527465820312,0.0,0.001,True
binh_dinh_grid_016,10v,18,0.24414825439453125,0.24414825439453125,0.0,0.001,True
binh_dinh_grid_010,2d,18,297.3253479003906,297.3253479003906,0.0,0.001,True
binh_dinh_grid_011,2d,18,297.9914855957031,297.9914855957031,0.0,0.001,True
binh_dinh_grid_013,2d,18,296.4312438964844,296.4312438964844,0.0,0.001,True
binh_dinh_grid_014,2d,18,298.3228454589844,298.3228454589844,0.0,0.001,True
binh_dinh_grid_016,2d,18,296.6590270996094,296.6590270996094,0.0,0.001,True
binh_dinh_grid_010,2t,18,299.796630859375,299.79669189453125,6.103515625e-05,0.001,True
binh_dinh_grid_011,2t,18,300.075439453125,300.07550048828125,6.103515625e-05,0.001,True
binh_dinh_grid_013,2t,18,297.7264404296875,297.72637939453125,6.103515625e-05,0.001,True
binh_dinh_grid_014,2t,18,300.1414794921875,300.14141845703125,6.103515625e-05,0.001,True
binh_dinh_grid_016,2t,18,297.29541015625,297.29547119140625,6.103515625e-05,0.001,True
binh_dinh_grid_010,sp,18,100209.4296875,100209.421875,0.0078125,0.2,True
binh_dinh_grid_011,sp,18,100130.3671875,100130.421875,0.0546875,0.2,True
binh_dinh_grid_013,sp,18,98010.8046875,98010.796875,0.0078125,0.2,True
binh_dinh_grid_014,sp,18,100259.9921875,100260.046875,0.0546875,0.2,True
binh_dinh_grid_016,sp,18,97769.1171875,97769.171875,0.0546875,0.2,True
binh_dinh_grid_010,tcc,18,91.86172866821289,91.86147689819336,0.00025177001953125,0.005,True
binh_dinh_grid_011,tcc,18,62.43887710571289,62.43862533569336,0.00025177001953125,0.005,True
binh_dinh_grid_013,tcc,18,99.94473648071289,99.94448471069336,0.00025177001953125,0.005,True
binh_dinh_grid_014,tcc,18,90.29043960571289,90.29018783569336,0.00025177001953125,0.005,True
binh_dinh_grid_016,tcc,18,82.97598648071289,82.97573471069336,0.00025177001953125,0.005,True
binh_dinh_grid_010,ssr,18,15597627.0,15597681.0,54.0,2048.0,True
binh_dinh_grid_011,ssr,18,19439931.0,19439985.0,54.0,2048.0,True
binh_dinh_grid_013,ssr,18,16237115.0,16237041.0,74.0,2048.0,True
binh_dinh_grid_014,ssr,18,19605435.0,19605489.0,54.0,2048.0,True
binh_dinh_grid_016,ssr,18,16699195.0,16699121.0,74.0,2048.0,True
binh_dinh_grid_010,tp,18,6.59318619966507,6.593186616897583,4.172325134277344e-07,0.0001,True
binh_dinh_grid_011,tp,18,4.00432950258255,4.004328966140747,5.364418029785156e-07,0.0001,True
binh_dinh_grid_013,tp,18,10.789416134357452,10.789416551589966,4.172325134277344e-07,0.0001,True
binh_dinh_grid_014,tp,18,4.575583279132843,4.5755836963653564,4.172325134277344e-07,0.0001,True
binh_dinh_grid_016,tp,18,7.368777096271515,7.368777513504028,4.172325134277344e-07,0.0001,True
binh_dinh_grid_010,10u,24,1.3423115611076355,1.3422921895980835,1.9371509552001953e-05,0.001,True
binh_dinh_grid_011,10u,24,2.9009053111076355,2.9008859395980835,1.9371509552001953e-05,0.001,True
binh_dinh_grid_013,10u,24,0.7679707407951355,0.7679513692855835,1.9371509552001953e-05,0.001,True
binh_dinh_grid_014,10u,24,1.0572163462638855,1.0572580099105835,4.166364669799805e-05,0.001,True
binh_dinh_grid_016,10u,24,0.9669453501701355,0.9669259786605835,1.9371509552001953e-05,0.001,True
binh_dinh_grid_010,10v,24,1.4621843099594116,1.462218314409256,3.400444984436035e-05,0.001,True
binh_dinh_grid_011,10v,24,2.2653459310531616,2.265318900346756,2.703070640563965e-05,0.001,True
binh_dinh_grid_013,10v,24,0.8293718099594116,0.829405814409256,3.400444984436035e-05,0.001,True
binh_dinh_grid_014,10v,24,0.7947038412094116,0.794737845659256,3.400444984436035e-05,0.001,True
binh_dinh_grid_016,10v,24,0.5957902669906616,0.595763236284256,2.703070640563965e-05,0.001,True
binh_dinh_grid_010,2d,24,296.5317077636719,296.5317077636719,0.0,0.001,True
binh_dinh_grid_011,2d,24,296.798095703125,296.7981262207031,3.0517578125e-05,0.001,True
binh_dinh_grid_013,2d,24,296.391845703125,296.3918151855469,3.0517578125e-05,0.001,True
binh_dinh_grid_014,2d,24,296.72418212890625,296.7241516113281,3.0517578125e-05,0.001,True
binh_dinh_grid_016,2d,24,296.5436096191406,296.5436096191406,0.0,0.001,True
binh_dinh_grid_010,2t,24,301.1470642089844,301.1470947265625,3.0517578125e-05,0.001,True
binh_dinh_grid_011,2t,24,300.9814147949219,300.9814453125,3.0517578125e-05,0.001,True
binh_dinh_grid_013,2t,24,299.2245178222656,299.2244873046875,3.0517578125e-05,0.001,True
binh_dinh_grid_014,2t,24,301.2414245605469,301.241455078125,3.0517578125e-05,0.001,True
binh_dinh_grid_016,2t,24,299.1224060058594,299.1224365234375,3.0517578125e-05,0.001,True
binh_dinh_grid_010,sp,24,100213.0390625,100213.0234375,0.015625,0.2,True
binh_dinh_grid_011,sp,24,100137.9765625,100138.0234375,0.046875,0.2,True
binh_dinh_grid_013,sp,24,98010.4765625,98010.5234375,0.046875,0.2,True
binh_dinh_grid_014,sp,24,100276.0390625,100276.0234375,0.015625,0.2,True
binh_dinh_grid_016,sp,24,97753.2265625,97753.2734375,0.046875,0.2,True
binh_dinh_grid_010,tcc,24,99.65174865722656,99.651611328125,0.0001373291015625,0.005,True
binh_dinh_grid_011,tcc,24,94.77406311035156,94.774169921875,0.0001068115234375,0.005,True
binh_dinh_grid_013,tcc,24,97.86952209472656,97.869384765625,0.0001373291015625,0.005,True
binh_dinh_grid_014,tcc,24,94.55482482910156,94.5546875,0.0001373291015625,0.005,True
binh_dinh_grid_016,tcc,24,97.12611389160156,97.1260986328125,1.52587890625e-05,0.005,True
binh_dinh_grid_010,ssr,24,16010814.0,16010817.0,3.0,2048.0,True
binh_dinh_grid_011,ssr,24,19955006.0,19955009.0,3.0,2048.0,True
binh_dinh_grid_013,ssr,24,16594110.0,16594113.0,3.0,2048.0,True
binh_dinh_grid_014,ssr,24,20149310.0,20149313.0,3.0,2048.0,True
binh_dinh_grid_016,ssr,24,17124286.0,17124289.0,3.0,2048.0,True
binh_dinh_grid_010,tp,24,6.593907177448273,6.593907594680786,4.172325134277344e-07,0.0001,True
binh_dinh_grid_011,tp,24,4.00432950258255,4.004328966140747,5.364418029785156e-07,0.0001,True
binh_dinh_grid_013,tp,24,10.796717464923859,10.796717882156372,4.172325134277344e-07,0.0001,True
binh_dinh_grid_014,tp,24,4.575583279132843,4.5755836963653564,4.172325134277344e-07,0.0001,True
binh_dinh_grid_016,tp,24,7.37040501832962,7.370405435562134,4.172325134277344e-07,0.0001,True
binh_dinh_grid_010,10u,30,3.351830005645752,3.35189151763916,6.151199340820312e-05,0.001,True
binh_dinh_grid_011,10u,30,0.659447193145752,0.6595087051391602,6.151199340820312e-05,0.001,True
binh_dinh_grid_013,10u,30,3.946556568145752,3.94661808013916,6.151199340820312e-05,0.001,True
binh_dinh_grid_014,10u,30,0.41506242752075195,0.41512393951416016,6.151199340820312e-05,0.001,True
binh_dinh_grid_016,10u,30,3.294334888458252,3.29427433013916,6.0558319091796875e-05,0.001,True
binh_dinh_grid_010,10v,30,3.0053176283836365,3.005380392074585,6.276369094848633e-05,0.001,True
binh_dinh_grid_011,10v,30,2.9241408705711365,2.924203634262085,6.276369094848633e-05,0.001,True
binh_dinh_grid_013,10v,30,1.0463332533836365,1.046273946762085,5.930662155151367e-05,0.001,True
binh_dinh_grid_014,10v,30,0.6779250502586365,0.677865743637085,5.930662155151367e-05,0.001,True
binh_dinh_grid_016,10v,30,1.0095900893211365,1.009530782699585,5.930662155151367e-05,0.001,True
binh_dinh_grid_010,2d,30,295.995849609375,295.9958190917969,3.0517578125e-05,0.001,True
binh_dinh_grid_011,2d,30,297.64093017578125,297.6409606933594,3.0517578125e-05,0.001,True
binh_dinh_grid_013,2d,30,295.58648681640625,295.5865173339844,3.0517578125e-05,0.001,True
binh_dinh_grid_014,2d,30,296.78204345703125,296.7820739746094,3.0517578125e-05,0.001,True
binh_dinh_grid_016,2d,30,295.3321533203125,295.3321228027344,3.0517578125e-05,0.001,True
binh_dinh_grid_010,2t,30,307.67620849609375,307.67626953125,6.103515625e-05,0.001,True
binh_dinh_grid_011,2t,30,304.87725830078125,304.877197265625,6.103515625e-05,0.001,True
binh_dinh_grid_013,2t,30,306.07452392578125,306.0745849609375,6.103515625e-05,0.001,True
binh_dinh_grid_014,2t,30,306.34930419921875,306.349365234375,6.103515625e-05,0.001,True
binh_dinh_grid_016,2t,30,306.56097412109375,306.56103515625,6.103515625e-05,0.001,True
binh_dinh_grid_010,sp,30,100043.1953125,100043.234375,0.0390625,0.2,True
binh_dinh_grid_011,sp,30,99998.8828125,99998.859375,0.0234375,0.2,True
binh_dinh_grid_013,sp,30,97890.0078125,97889.984375,0.0234375,0.2,True
binh_dinh_grid_014,sp,30,100123.1953125,100123.234375,0.0390625,0.2,True
binh_dinh_grid_016,sp,30,97623.5078125,97623.484375,0.0234375,0.2,True
binh_dinh_grid_010,tcc,30,99.18437194824219,99.18436431884766,7.62939453125e-06,0.005,True
binh_dinh_grid_011,tcc,30,99.94241333007812,99.94242095947266,7.62939453125e-06,0.005,True
binh_dinh_grid_013,tcc,30,99.85414123535156,99.85413360595703,7.62939453125e-06,0.005,True
binh_dinh_grid_014,tcc,30,99.99420166015625,99.99420928955078,7.62939453125e-06,0.005,True
binh_dinh_grid_016,tcc,30,99.77828979492188,99.7782974243164,7.62939453125e-06,0.005,True
binh_dinh_grid_010,ssr,30,28088586.0,28088468.0,118.0,2048.0,True
binh_dinh_grid_011,ssr,30,34074890.0,34075028.0,138.0,2048.0,True
binh_dinh_grid_013,ssr,30,28485898.0,28486036.0,138.0,2048.0,True
binh_dinh_grid_014,ssr,30,34638346.0,34638484.0,138.0,2048.0,True
binh_dinh_grid_016,ssr,30,29895178.0,29895060.0,118.0,2048.0,True
binh_dinh_grid_010,tp,30,6.742183595895767,6.742183446884155,1.4901161193847656e-07,0.0001,True
binh_dinh_grid_011,tp,30,4.076787859201431,4.076787710189819,1.4901161193847656e-07,0.0001,True
binh_dinh_grid_013,tp,30,10.820632845163345,10.820632696151733,1.4901161193847656e-07,0.0001,True
binh_dinh_grid_014,tp,30,4.863180071115494,4.863179922103882,1.4901161193847656e-07,0.0001,True
binh_dinh_grid_016,tp,30,7.395433336496353,7.395433187484741,1.4901161193847656e-07,0.0001,True
binh_dinh_grid_010,10u,36,-1.5158171653747559,-1.5157861709594727,3.0994415283203125e-05,0.001,True
binh_dinh_grid_011,10u,36,-1.8178191184997559,-1.8177881240844727,3.0994415283203125e-05,0.001,True
binh_dinh_grid_013,10u,36,0.06230783462524414,0.062338829040527344,3.0994415283203125e-05,0.001,True
binh_dinh_grid_014,10u,36,-0.8955779075622559,-0.8955469131469727,3.0994415283203125e-05,0.001,True
binh_dinh_grid_016,10u,36,-0.5177702903747559,-0.5177392959594727,3.0994415283203125e-05,0.001,True
binh_dinh_grid_010,10v,36,1.548426240682602,1.5483773946762085,4.884600639343262e-05,0.001,True
binh_dinh_grid_011,10v,36,4.091517060995102,4.0914682149887085,4.884600639343262e-05,0.001,True
binh_dinh_grid_013,10v,36,0.7521615922451019,0.7522348165512085,7.322430610656738e-05,0.001,True
binh_dinh_grid_014,10v,36,3.592371553182602,3.5923227071762085,4.884600639343262e-05,0.001,True
binh_dinh_grid_016,10v,36,0.22030124068260193,0.2202523946762085,4.884600639343262e-05,0.001,True
binh_dinh_grid_010,2d,36,297.7021484375,297.7021789550781,3.0517578125e-05,0.001,True
binh_dinh_grid_011,2d,36,299.33306884765625,299.3330383300781,3.0517578125e-05,0.001,True
binh_dinh_grid_013,2d,36,297.77685546875,297.7768859863281,3.0517578125e-05,0.001,True
binh_dinh_grid_014,2d,36,298.95758056640625,298.9575500488281,3.0517578125e-05,0.001,True
binh_dinh_grid_016,2d,36,297.28387451171875,297.2838439941406,3.0517578125e-05,0.001,True
binh_dinh_grid_010,2t,36,303.4430847167969,303.4430847167969,0.0,0.001,True
binh_dinh_grid_011,2t,36,301.4545593261719,301.4545593261719,0.0,0.001,True
binh_dinh_grid_013,2t,36,301.0953674316406,301.0954284667969,6.103515625e-05,0.001,True
binh_dinh_grid_014,2t,36,301.4648742675781,301.4649353027344,6.103515625e-05,0.001,True
binh_dinh_grid_016,2t,36,301.4728088378906,301.4727478027344,6.103515625e-05,0.001,True
binh_dinh_grid_010,sp,36,100029.5078125,100029.515625,0.0078125,0.2,True
binh_dinh_grid_011,sp,36,99998.6953125,99998.765625,0.0703125,0.2,True
binh_dinh_grid_013,sp,36,97864.6953125,97864.640625,0.0546875,0.2,True
binh_dinh_grid_014,sp,36,100125.2578125,100125.265625,0.0078125,0.2,True
binh_dinh_grid_016,sp,36,97610.4453125,97610.390625,0.0546875,0.2,True
binh_dinh_grid_010,tcc,36,92.33015441894531,92.33003234863281,0.0001220703125,0.005,True
binh_dinh_grid_011,tcc,36,96.37117004394531,96.37129211425781,0.0001220703125,0.005,True
binh_dinh_grid_013,tcc,36,88.21662902832031,88.21675109863281,0.0001220703125,0.005,True
binh_dinh_grid_014,tcc,36,90.75520324707031,90.75532531738281,0.0001220703125,0.005,True
binh_dinh_grid_016,tcc,36,91.68098449707031,91.68086242675781,0.0001220703125,0.005,True
binh_dinh_grid_010,ssr,36,34319404.0,34319400.0,4.0,2048.0,True
binh_dinh_grid_011,ssr,36,41124908.0,41124904.0,4.0,2048.0,True
binh_dinh_grid_013,ssr,36,35311916.0,35311912.0,4.0,2048.0,True
binh_dinh_grid_014,ssr,36,41863212.0,41863208.0,4.0,2048.0,True
binh_dinh_grid_016,ssr,36,36530476.0,36530472.0,4.0,2048.0,True
binh_dinh_grid_010,tp,36,6.946463882923126,6.9464640617370605,1.7881393432617188e-07,0.0001,True
binh_dinh_grid_011,tp,36,4.297211945056915,4.29721212387085,1.7881393432617188e-07,0.0001,True
binh_dinh_grid_013,tp,36,11.211717903614044,11.211718082427979,1.7881393432617188e-07,0.0001,True
binh_dinh_grid_014,tp,36,5.693637192249298,5.693636417388916,7.748603820800781e-07,0.0001,True
binh_dinh_grid_016,tp,36,8.414535820484161,8.414535999298096,1.7881393432617188e-07,0.0001,True
binh_dinh_grid_010,10u,42,1.892518937587738,1.8925163969397545,2.5406479835510254e-06,0.001,True
binh_dinh_grid_011,10u,42,1.648347795009613,1.6483757719397545,2.7976930141448975e-05,0.001,True
binh_dinh_grid_013,10u,42,1.861360490322113,1.8613884672522545,2.7976930141448975e-05,0.001,True
binh_dinh_grid_014,10u,42,1.519746720790863,1.5197746977210045,2.7976930141448975e-05,0.001,True
binh_dinh_grid_016,10u,42,1.669649064540863,1.6696770414710045,2.7976930141448975e-05,0.001,True
binh_dinh_grid_010,10v,42,0.9767801277339458,0.9767812788486481,1.1511147022247314e-06,0.001,True
binh_dinh_grid_011,10v,42,2.066379737108946,2.066380888223648,1.1511147022247314e-06,0.001,True
binh_dinh_grid_013,10v,42,1.1309549324214458,1.130956083536148,1.1511147022247314e-06,0.001,True
binh_dinh_grid_014,10v,42,0.5787088386714458,0.5787099897861481,1.1511147022247314e-06,0.001,True
binh_dinh_grid_016,10v,42,-0.029079247266054153,-0.02907809615135193,1.1511147022247314e-06,0.001,True
binh_dinh_grid_010,2d,42,297.38055419921875,297.3804931640625,6.103515625e-05,0.001,True
binh_dinh_grid_011,2d,42,298.57244873046875,298.5723876953125,6.103515625e-05,0.001,True
binh_dinh_grid_013,2d,42,296.12420654296875,296.124267578125,6.103515625e-05,0.001,True
binh_dinh_grid_014,2d,42,298.24151611328125,298.2415771484375,6.103515625e-05,0.001,True
binh_dinh_grid_016,2d,42,296.52197265625,296.52197265625,0.0,0.001,True
binh_dinh_grid_010,2t,42,300.7298278808594,300.7297668457031,6.103515625e-05,0.001,True
binh_dinh_grid_011,2t,42,300.9002990722656,300.9002990722656,0.0,0.001,True
binh_dinh_grid_013,2t,42,298.5334167480469,298.5334777832031,6.103515625e-05,0.001,True
binh_dinh_grid_014,2t,42,300.8497009277344,300.8496398925781,6.103515625e-05,0.001,True
binh_dinh_grid_016,2t,42,298.2188415527344,298.2189025878906,6.103515625e-05,0.001,True
binh_dinh_grid_010,sp,42,100217.8359375,100217.796875,0.0390625,0.2,True
binh_dinh_grid_011,sp,42,100130.0859375,100130.046875,0.0390625,0.2,True
binh_dinh_grid_013,sp,42,98028.2109375,98028.171875,0.0390625,0.2,True
binh_dinh_grid_014,sp,42,100252.7734375,100252.796875,0.0234375,0.2,True
binh_dinh_grid_016,sp,42,97782.4609375,97782.421875,0.0390625,0.2,True
binh_dinh_grid_010,tcc,42,35.264108657836914,35.26434326171875,0.0002346038818359375,0.005,True
binh_dinh_grid_011,tcc,42,40.976022720336914,40.97528076171875,0.0007419586181640625,0.005,True
binh_dinh_grid_013,tcc,42,47.754343032836914,47.75457763671875,0.0002346038818359375,0.005,True
binh_dinh_grid_014,tcc,42,35.270944595336914,35.27020263671875,0.0007419586181640625,0.005,True
binh_dinh_grid_016,tcc,42,20.048288345336914,20.04754638671875,0.0007419586181640625,0.005,True
binh_dinh_grid_010,ssr,42,34319404.0,34319400.0,4.0,2048.0,True
binh_dinh_grid_011,ssr,42,41124908.0,41124904.0,4.0,2048.0,True
binh_dinh_grid_013,ssr,42,35311916.0,35311912.0,4.0,2048.0,True
binh_dinh_grid_014,ssr,42,41863212.0,41863208.0,4.0,2048.0,True
binh_dinh_grid_016,ssr,42,36530476.0,36530472.0,4.0,2048.0,True
binh_dinh_grid_010,tp,42,6.976710617542267,6.976709842681885,7.748603820800781e-07,0.0001,True
binh_dinh_grid_011,tp,42,4.306087791919708,4.306087970733643,1.7881393432617188e-07,0.0001,True
binh_dinh_grid_013,tp,42,11.237359344959259,11.237359523773193,1.7881393432617188e-07,0.0001,True
binh_dinh_grid_014,tp,42,5.707822144031525,5.707822322845459,1.7881393432617188e-07,0.0001,True
binh_dinh_grid_016,tp,42,8.56910353899002,8.569103717803955,1.7881393432617188e-07,0.0001,True
binh_dinh_grid_010,10u,48,2.2130675315856934,2.2130241096019745,4.342198371887207e-05,0.001,True
binh_dinh_grid_011,10u,48,3.9050841331481934,3.9050407111644745,4.342198371887207e-05,0.001,True
binh_dinh_grid_013,10u,48,1.1913390159606934,1.1912955939769745,4.342198371887207e-05,0.001,True
binh_dinh_grid_014,10u,48,2.0267271995544434,2.0267448127269745,1.761317253112793e-05,0.001,True
binh_dinh_grid_016,10u,48,1.4760680198669434,1.4760856330394745,1.761317253112793e-05,0.001,True
binh_dinh_grid_010,10v,48,1.2811232209205627,1.2812037020921707,8.048117160797119e-05,0.001,True
binh_dinh_grid_011,10v,48,2.6111403107643127,2.6111597567796707,1.944601535797119e-05,0.001,True
binh_dinh_grid_013,10v,48,0.8103590607643127,0.8103785067796707,1.944601535797119e-05,0.001,True
binh_dinh_grid_014,10v,48,0.6176710724830627,0.6176294833421707,4.158914089202881e-05,0.001,True
binh_dinh_grid_016,10v,48,0.5367384552955627,0.5366968661546707,4.158914089202881e-05,0.001,True
binh_dinh_grid_010,2d,48,295.9332275390625,295.9332275390625,0.0,0.001,True
binh_dinh_grid_011,2d,48,296.3480224609375,296.3480224609375,0.0,0.001,True
binh_dinh_grid_013,2d,48,295.708740234375,295.708740234375,0.0,0.001,True
binh_dinh_grid_014,2d,48,296.2127685546875,296.2127685546875,0.0,0.001,True
binh_dinh_grid_016,2d,48,295.70965576171875,295.70965576171875,0.0,0.001,True
binh_dinh_grid_010,2t,48,301.1347351074219,301.134765625,3.0517578125e-05,0.001,True
binh_dinh_grid_011,2t,48,300.9270935058594,300.9271240234375,3.0517578125e-05,0.001,True
binh_dinh_grid_013,2t,48,299.3973083496094,299.3973388671875,3.0517578125e-05,0.001,True
binh_dinh_grid_014,2t,48,301.4363098144531,301.436279296875,3.0517578125e-05,0.001,True
binh_dinh_grid_016,2t,48,299.5212097167969,299.521240234375,3.0517578125e-05,0.001,True
binh_dinh_grid_010,sp,48,100240.6328125,100240.671875,0.0390625,0.2,True
binh_dinh_grid_011,sp,48,100165.0703125,100165.046875,0.0234375,0.2,True
binh_dinh_grid_013,sp,48,98029.6953125,98029.671875,0.0234375,0.2,True
binh_dinh_grid_014,sp,48,100306.0703125,100306.046875,0.0234375,0.2,True
binh_dinh_grid_016,sp,48,97771.5703125,97771.546875,0.0234375,0.2,True
binh_dinh_grid_010,tcc,48,81.91240215301514,81.91240215301514,0.0,0.005,True
binh_dinh_grid_011,tcc,48,47.64091777801514,47.64091777801514,0.0,0.005,True
binh_dinh_grid_013,tcc,48,83.59404277801514,83.59404277801514,0.0,0.005,True
binh_dinh_grid_014,tcc,48,28.672167778015137,28.672167778015137,0.0,0.005,True
binh_dinh_grid_016,tcc,48,51.66240215301514,51.66240215301514,0.0,0.005,True
binh_dinh_grid_010,ssr,48,34745548.0,34745524.0,24.0,2048.0,True
binh_dinh_grid_011,ssr,48,41645772.0,41645748.0,24.0,2048.0,True
binh_dinh_grid_013,ssr,48,35663052.0,35663028.0,24.0,2048.0,True
binh_dinh_grid_014,ssr,48,42400716.0,42400948.0,232.0,2048.0,True
binh_dinh_grid_016,ssr,48,36943564.0,36943796.0,232.0,2048.0,True
binh_dinh_grid_010,tp,48,6.976710617542267,6.976709842681885,7.748603820800781e-07,0.0001,True
binh_dinh_grid_011,tp,48,4.306087791919708,4.306087970733643,1.7881393432617188e-07,0.0001,True
binh_dinh_grid_013,tp,48,11.24360591173172,11.243605136871338,7.748603820800781e-07,0.0001,True
binh_dinh_grid_014,tp,48,5.707822144031525,5.707821369171143,7.748603820800781e-07,0.0001,True
binh_dinh_grid_016,tp,48,8.588675796985626,8.588675022125244,7.748603820800781e-07,0.0001,True
binh_dinh_grid_010,10u,54,4.964952647686005,4.964888095855713,6.455183029174805e-05,0.001,True
binh_dinh_grid_011,10u,54,5.151231944561005,5.151167392730713,6.455183029174805e-05,0.001,True
binh_dinh_grid_013,10u,54,4.564195811748505,4.564253330230713,5.751848220825195e-05,0.001,True
binh_dinh_grid_014,10u,54,4.108141124248505,4.108198642730713,5.751848220825195e-05,0.001,True
binh_dinh_grid_016,10u,54,4.086534678936005,4.086470127105713,6.455183029174805e-05,0.001,True
binh_dinh_grid_010,10v,54,2.7015122771263123,2.701454520225525,5.7756900787353516e-05,0.001,True
binh_dinh_grid_011,10v,54,2.8766831755638123,2.876747488975525,6.431341171264648e-05,0.001,True
binh_dinh_grid_013,10v,54,0.7113389372825623,0.7113422155380249,3.2782554626464844e-06,0.001,True
binh_dinh_grid_014,10v,54,0.8270615935325623,0.8270648717880249,3.2782554626464844e-06,0.001,True
binh_dinh_grid_016,10v,54,0.5594834685325623,0.5594867467880249,3.2782554626464844e-06,0.001,True
binh_dinh_grid_010,2d,54,296.023681640625,296.023681640625,0.0,0.001,True
binh_dinh_grid_011,2d,54,296.849609375,296.849609375,0.0,0.001,True
binh_dinh_grid_013,2d,54,295.559326171875,295.559326171875,0.0,0.001,True
binh_dinh_grid_014,2d,54,296.6990966796875,296.6990966796875,0.0,0.001,True
binh_dinh_grid_016,2d,54,295.130859375,295.130859375,0.0,0.001,True
binh_dinh_grid_010,2t,54,307.9738464355469,307.97381591796875,3.0517578125e-05,0.001,True
binh_dinh_grid_011,2t,54,306.3357849121094,306.33587646484375,9.1552734375e-05,0.001,True
binh_dinh_grid_013,2t,54,306.1805114746094,306.18048095703125,3.0517578125e-05,0.001,True
binh_dinh_grid_014,2t,54,307.3017272949219,307.30169677734375,3.0517578125e-05,0.001,True
binh_dinh_grid_016,2t,54,306.9191589355469,306.91912841796875,3.0517578125e-05,0.001,True
binh_dinh_grid_010,sp,54,100014.1328125,100014.1484375,0.015625,0.2,True
binh_dinh_grid_011,sp,54,99953.1953125,99953.1484375,0.046875,0.2,True
binh_dinh_grid_013,sp,54,97867.0078125,97867.0234375,0.015625,0.2,True
binh_dinh_grid_014,sp,54,100085.0703125,100085.0234375,0.046875,0.2,True
binh_dinh_grid_016,sp,54,97603.5078125,97603.5234375,0.015625,0.2,True
binh_dinh_grid_010,tcc,54,48.60913133621216,48.608378410339355,0.0007529258728027344,0.005,True
binh_dinh_grid_011,tcc,54,25.535889148712158,25.536112785339355,0.00022363662719726562,0.005,True
binh_dinh_grid_013,tcc,54,34.92456102371216,34.924784660339355,0.00022363662719726562,0.005,True
binh_dinh_grid_014,tcc,54,15.384521961212158,15.383769035339355,0.0007529258728027344,0.005,True
binh_dinh_grid_016,tcc,54,36.20971727371216,36.209940910339355,0.00022363662719726562,0.005,True
binh_dinh_grid_010,ssr,54,46938832.0,46938900.0,68.0,2048.0,True
binh_dinh_grid_011,ssr,54,56409808.0,56409876.0,68.0,2048.0,True
binh_dinh_grid_013,ssr,54,47329488.0,47329556.0,68.0,2048.0,True
binh_dinh_grid_014,ssr,54,57231824.0,57231892.0,68.0,2048.0,True
binh_dinh_grid_016,ssr,54,49173712.0,49173780.0,68.0,2048.0,True
binh_dinh_grid_010,tp,54,7.113695442676544,7.113695859909058,4.172325134277344e-07,0.0001,True
binh_dinh_grid_011,tp,54,4.324720680713654,4.324721097946167,4.172325134277344e-07,0.0001,True
binh_dinh_grid_013,tp,54,11.251934349536896,11.25193476676941,4.172325134277344e-07,0.0001,True
binh_dinh_grid_014,tp,54,5.723478615283966,5.7234790325164795,4.172325134277344e-07,0.0001,True
binh_dinh_grid_016,tp,54,8.59681636095047,8.596815824508667,5.364418029785156e-07,0.0001,True
binh_dinh_grid_010,10u,60,0.8816471099853516,0.881633996963501,1.3113021850585938e-05,0.001,True
binh_dinh_grid_011,10u,60,-0.6551570892333984,-0.655109167098999,4.792213439941406e-05,0.001,True
binh_dinh_grid_013,10u,60,1.3784732818603516,1.378460168838501,1.3113021850585938e-05,0.001,True
binh_dinh_grid_014,10u,60,-0.6338558197021484,-0.633868932723999,1.3113021850585938e-05,0.001,True
binh_dinh_grid_016,10u,60,1.4300479888916016,1.430095911026001,4.792213439941406e-05,0.001,True
binh_dinh_grid_010,10v,60,-0.4194165766239166,-0.4193868339061737,2.9742717742919922e-05,0.001,True
binh_dinh_grid_011,10v,60,2.7734545171260834,2.7734842598438263,2.9742717742919922e-05,0.001,True
binh_dinh_grid_013,10v,60,1.1817797124385834,1.1817484200000763,3.129243850708008e-05,0.001,True
binh_dinh_grid_014,10v,60,3.3227709233760834,3.3227396309375763,3.129243850708008e-05,0.001,True
binh_dinh_grid_016,10v,60,0.7734545171260834,0.7734232246875763,3.129243850708008e-05,0.001,True
binh_dinh_grid_010,2d,60,298.0637512207031,298.0637512207031,0.0,0.001,True
binh_dinh_grid_011,2d,60,299.8326110839844,299.8325500488281,6.103515625e-05,0.001,True
binh_dinh_grid_013,2d,60,297.0428161621094,297.0428771972656,6.103515625e-05,0.001,True
binh_dinh_grid_014,2d,60,300.1899719238281,300.1899719238281,0.0,0.001,True
binh_dinh_grid_016,2d,60,296.5795593261719,296.5796203613281,6.103515625e-05,0.001,True
binh_dinh_grid_010,2t,60,303.4586181640625,303.4586181640625,0.0,0.001,True
binh_dinh_grid_011,2t,60,302.3360595703125,302.3360595703125,0.0,0.001,True
binh_dinh_grid_013,2t,60,301.69921875,301.69921875,0.0,0.001,True
binh_dinh_grid_014,2t,60,301.8539123535156,301.8538818359375,3.0517578125e-05,0.001,True
binh_dinh_grid_016,2t,60,301.82958984375,301.82958984375,0.0,0.001,True
binh_dinh_grid_010,sp,60,100058.5078125,100058.5625,0.0546875,0.2,True
binh_dinh_grid_011,sp,60,100010.3828125,100010.3125,0.0703125,0.2,True
binh_dinh_grid_013,sp,60,97892.8828125,97892.8125,0.0703125,0.2,True
binh_dinh_grid_014,sp,60,100135.7578125,100135.8125,0.0546875,0.2,True
binh_dinh_grid_016,sp,60,97655.1953125,97655.1875,0.0078125,0.2,True
binh_dinh_grid_010,tcc,60,8.870510816574097,8.870988130569458,0.0004773139953613281,0.005,True
binh_dinh_grid_011,tcc,60,8.828030347824097,8.828019380569458,1.0967254638671875e-05,0.005,True
binh_dinh_grid_013,tcc,60,11.344143629074097,11.343644380569458,0.0004992485046386719,0.005,True
binh_dinh_grid_014,tcc,60,10.528713941574097,10.529191255569458,0.0004773139953613281,0.005,True
binh_dinh_grid_016,tcc,60,4.360501050949097,4.361222505569458,0.0007214546203613281,0.005,True
binh_dinh_grid_010,ssr,60,53848688.0,53848672.0,16.0,2048.0,True
binh_dinh_grid_011,ssr,60,64559984.0,64559968.0,16.0,2048.0,True
binh_dinh_grid_013,ssr,60,54727280.0,54727264.0,16.0,2048.0,True
binh_dinh_grid_014,ssr,60,65466992.0,65466976.0,16.0,2048.0,True
binh_dinh_grid_016,ssr,60,56493424.0,56493408.0,16.0,2048.0,True
binh_dinh_grid_010,tp,60,7.815549314022064,7.815549373626709,5.960464477539063e-08,0.0001,True
binh_dinh_grid_011,tp,60,4.649488866329193,4.6494879722595215,8.940696716308594e-07,0.0001,True
binh_dinh_grid_013,tp,60,11.637421071529388,11.637420177459717,8.940696716308594e-07,0.0001,True
binh_dinh_grid_014,tp,60,6.4563440680503845,6.456344127655029,5.960464477539063e-08,0.0001,True
binh_dinh_grid_016,tp,60,9.951898992061615,9.951898097991943,8.940696716308594e-07,0.0001,True
binh_dinh_grid_010,10u,66,1.6927943229675293,1.6927857995033264,8.52346420288086e-06,0.001,True
binh_dinh_grid_011,10u,66,3.8120570182800293,3.8119874596595764,6.955862045288086e-05,0.001,True
binh_dinh_grid_013,10u,66,2.1057581901550293,2.1058107018470764,5.251169204711914e-05,0.001,True
binh_dinh_grid_014,10u,66,2.5686488151550293,2.5687013268470764,5.251169204711914e-05,0.001,True
binh_dinh_grid_016,10u,66,1.6938929557800293,1.6938233971595764,6.955862045288086e-05,0.001,True
binh_dinh_grid_010,10v,66,1.862813949584961,1.8628253042697906,1.1354684829711914e-05,0.001,True
binh_dinh_grid_011,10v,66,2.826253890991211,2.8262042105197906,4.9680471420288086e-05,0.001,True
binh_dinh_grid_013,10v,66,1.708150863647461,1.7081622183322906,1.1354684829711914e-05,0.001,True
binh_dinh_grid_014,10v,66,1.642599105834961,1.6426104605197906,1.1354684829711914e-05,0.001,True
binh_dinh_grid_016,10v,66,0.9259853363037109,0.9259966909885406,1.1354684829711914e-05,0.001,True
binh_dinh_grid_010,2d,66,296.1773681640625,296.17730712890625,6.103515625e-05,0.001,True
binh_dinh_grid_011,2d,66,296.82354736328125,296.82354736328125,0.0,0.001,True
binh_dinh_grid_013,2d,66,295.83892822265625,295.83892822265625,0.0,0.001,True
binh_dinh_grid_014,2d,66,296.71466064453125,296.71466064453125,0.0,0.001,True
binh_dinh_grid_016,2d,66,295.9727783203125,295.97283935546875,6.103515625e-05,0.001,True
binh_dinh_grid_010,2t,66,300.8055725097656,300.8055419921875,3.0517578125e-05,0.001,True
binh_dinh_grid_011,2t,66,301.2317199707031,301.2318115234375,9.1552734375e-05,0.001,True
binh_dinh_grid_013,2t,66,298.9283752441406,298.9283447265625,3.0517578125e-05,0.001,True
binh_dinh_grid_014,2t,66,301.3235168457031,301.323486328125,3.0517578125e-05,0.001,True
binh_dinh_grid_016,2t,66,298.8606262207031,298.860595703125,3.0517578125e-05,0.001,True
binh_dinh_grid_010,sp,66,100203.203125,100203.140625,0.0625,0.2,True
binh_dinh_grid_011,sp,66,100117.390625,100117.390625,0.0,0.2,True
binh_dinh_grid_013,sp,66,98009.828125,98009.765625,0.0625,0.2,True
binh_dinh_grid_014,sp,66,100260.265625,100260.265625,0.0,0.2,True
binh_dinh_grid_016,sp,66,97779.015625,97779.015625,0.0,0.2,True
binh_dinh_grid_010,tcc,66,50.30539321899414,50.30494499206543,0.0004482269287109375,0.005,True
binh_dinh_grid_011,tcc,66,51.92453384399414,51.92408561706543,0.0004482269287109375,0.005,True
binh_dinh_grid_013,tcc,66,88.91379165649414,88.91431999206543,0.0005283355712890625,0.005,True
binh_dinh_grid_014,tcc,66,75.57492446899414,75.57447624206543,0.0004482269287109375,0.005,True
binh_dinh_grid_016,tcc,66,86.88547134399414,86.88502311706543,0.0004482269287109375,0.005,True
binh_dinh_grid_010,ssr,66,53848688.0,53848672.0,16.0,2048.0,True
binh_dinh_grid_011,ssr,66,64559984.0,64559968.0,16.0,2048.0,True
binh_dinh_grid_013,ssr,66,54727280.0,54727264.0,16.0,2048.0,True
binh_dinh_grid_014,ssr,66,65466992.0,65466976.0,16.0,2048.0,True
binh_dinh_grid_016,ssr,66,56493424.0,56493408.0,16.0,2048.0,True
binh_dinh_grid_010,tp,66,7.81008118391037,7.810080051422119,1.1324882507324219e-06,0.0001,True
binh_dinh_grid_011,tp,66,4.6496493220329285,4.649649143218994,1.7881393432617188e-07,0.0001,True
binh_dinh_grid_013,tp,66,11.639175117015839,11.63917589187622,7.748603820800781e-07,0.0001,True
binh_dinh_grid_014,tp,66,6.4554097056388855,6.455410480499268,7.748603820800781e-07,0.0001,True
binh_dinh_grid_016,tp,66,9.995082557201385,9.995083332061768,7.748603820800781e-07,0.0001,True
binh_dinh_grid_010,10u,72,0.9697527289390564,0.9697527289390564,0.0,0.001,True
binh_dinh_grid_011,10u,72,3.5655779242515564,3.5655779242515564,0.0,0.001,True
binh_dinh_grid_013,10u,72,0.6152605414390564,0.6152605414390564,0.0,0.001,True
binh_dinh_grid_014,10u,72,2.8152117133140564,2.8152117133140564,0.0,0.001,True
binh_dinh_grid_016,10u,72,0.7191423773765564,0.7191423773765564,0.0,0.001,True
binh_dinh_grid_010,10v,72,1.2649422883987427,1.2648861687630415,5.6119635701179504e-05,0.001,True
binh_dinh_grid_011,10v,72,2.1115609407424927,2.1115658562630415,4.915520548820496e-06,0.001,True
binh_dinh_grid_013,10v,72,1.6772347688674927,1.6772396843880415,4.915520548820496e-06,0.001,True
binh_dinh_grid_014,10v,72,1.6368294954299927,1.6368344109505415,4.915520548820496e-06,0.001,True
binh_dinh_grid_016,10v,72,1.7553597688674927,1.7553646843880415,4.915520548820496e-06,0.001,True
binh_dinh_grid_010,2d,72,295.7391357421875,295.7391357421875,0.0,0.001,True
binh_dinh_grid_011,2d,72,296.08599853515625,296.08599853515625,0.0,0.001,True
binh_dinh_grid_013,2d,72,295.17437744140625,295.17437744140625,0.0,0.001,True
binh_dinh_grid_014,2d,72,295.8656005859375,295.8656005859375,0.0,0.001,True
binh_dinh_grid_016,2d,72,295.20623779296875,295.20623779296875,0.0,0.001,True
binh_dinh_grid_010,2t,72,300.8222351074219,300.82232666015625,9.1552734375e-05,0.001,True
binh_dinh_grid_011,2t,72,300.9222106933594,300.92218017578125,3.0517578125e-05,0.001,True
binh_dinh_grid_013,2t,72,299.1357727050781,299.13580322265625,3.0517578125e-05,0.001,True
binh_dinh_grid_014,2t,72,301.5362854003906,301.53619384765625,9.1552734375e-05,0.001,True
binh_dinh_grid_016,2t,72,299.1459655761719,299.14605712890625,9.1552734375e-05,0.001,True
binh_dinh_grid_010,sp,72,100179.421875,100179.4375,0.015625,0.2,True
binh_dinh_grid_011,sp,72,100124.671875,100124.6875,0.015625,0.2,True
binh_dinh_grid_013,sp,72,97971.484375,97971.4375,0.046875,0.2,True
binh_dinh_grid_014,sp,72,100261.484375,100261.5625,0.078125,0.2,True
binh_dinh_grid_016,sp,72,97745.296875,97745.3125,0.015625,0.2,True
binh_dinh_grid_010,tcc,72,77.15090942382812,77.15089416503906,1.52587890625e-05,0.005,True
binh_dinh_grid_011,tcc,72,67.62258911132812,67.62257385253906,1.52587890625e-05,0.005,True
binh_dinh_grid_013,tcc,72,81.80422973632812,81.80421447753906,1.52587890625e-05,0.005,True
binh_dinh_grid_014,tcc,72,64.54446411132812,64.54444885253906,1.52587890625e-05,0.005,True
binh_dinh_grid_016,tcc,72,87.34622192382812,87.34620666503906,1.52587890625e-05,0.005,True
binh_dinh_grid_010,ssr,72,54194928.0,54195020.0,92.0,2048.0,True
binh_dinh_grid_011,ssr,72,65002224.0,65002316.0,92.0,2048.0,True
binh_dinh_grid_013,ssr,72,55005424.0,55005516.0,92.0,2048.0,True
binh_dinh_grid_014,ssr,72,65920496.0,65920332.0,164.0,2048.0,True
binh_dinh_grid_016,ssr,72,56784112.0,56784204.0,92.0,2048.0,True
binh_dinh_grid_010,tp,72,7.8100807666778564,7.810080051422119,7.152557373046875e-07,0.0001,True
binh_dinh_grid_011,tp,72,4.6496498584747314,4.649649143218994,7.152557373046875e-07,0.0001,True
binh_dinh_grid_013,tp,72,11.656487703323364,11.65648889541626,1.1920928955078125e-06,0.0001,True
binh_dinh_grid_014,tp,72,6.4658472537994385,6.465847492218018,2.384185791015625e-07,0.0001,True
binh_dinh_grid_016,tp,72,10.029334306716919,10.029333591461182,7.152557373046875e-07,0.0001,True
binh_dinh_grid_010,10u,78,5.603315830230713,5.603431463241577,0.00011563301086425781,0.001,True
binh_dinh_grid_011,10u,78,5.959974765777588,5.959876775741577,9.799003601074219e-05,0.001,True
binh_dinh_grid_013,10u,78,4.833998203277588,4.833900213241577,9.799003601074219e-05,0.001,True
binh_dinh_grid_014,10u,78,5.711897373199463,5.711829900741577,6.747245788574219e-05,0.001,True
binh_dinh_grid_016,10u,78,4.524092197418213,4.524085760116577,6.4373016357421875e-06,0.001,True
binh_dinh_grid_010,10v,78,3.1906142830848694,3.190620183944702,5.900859832763672e-06,0.001,True
binh_dinh_grid_011,10v,78,3.8726211190223694,3.872627019882202,5.900859832763672e-06,0.001,True
binh_dinh_grid_013,10v,78,0.9329238533973694,0.9329297542572021,5.900859832763672e-06,0.001,True
binh_dinh_grid_014,10v,78,1.1887832283973694,1.1887891292572021,5.900859832763672e-06,0.001,True
binh_dinh_grid_016,10v,78,1.0360732674598694,1.0359570980072021,0.00011616945266723633,0.001,True
binh_dinh_grid_010,2d,78,295.50396728515625,295.5040283203125,6.103515625e-05,0.001,True
binh_dinh_grid_011,2d,78,296.2349853515625,296.2349853515625,0.0,0.001,True
binh_dinh_grid_013,2d,78,295.520751953125,295.520751953125,0.0,0.001,True
binh_dinh_grid_014,2d,78,295.9334716796875,295.9334716796875,0.0,0.001,True
binh_dinh_grid_016,2d,78,294.80645751953125,294.8065185546875,6.103515625e-05,0.001,True
binh_dinh_grid_010,2t,78,307.73626708984375,307.73626708984375,0.0,0.001,True
binh_dinh_grid_011,2t,78,306.41729736328125,306.41741943359375,0.0001220703125,0.001,True
binh_dinh_grid_013,2t,78,305.09600830078125,305.09588623046875,0.0001220703125,0.001,True
binh_dinh_grid_014,2t,78,306.93255615234375,306.93255615234375,0.0,0.001,True
binh_dinh_grid_016,2t,78,305.7032470703125,305.70330810546875,6.103515625e-05,0.001,True
binh_dinh_grid_010,sp,78,100001.59375,100001.609375,0.015625,0.2,True
binh_dinh_grid_011,sp,78,99922.59375,99922.609375,0.015625,0.2,True
binh_dinh_grid_013,sp,78,97870.34375,97870.359375,0.015625,0.2,True
binh_dinh_grid_014,sp,78,100098.65625,100098.609375,0.046875,0.2,True
binh_dinh_grid_016,sp,78,97622.78125,97622.734375,0.046875,0.2,True
binh_dinh_grid_010,tcc,78,97.79013442993164,97.7902603149414,0.000125885009765625,0.005,True
binh_dinh_grid_011,tcc,78,89.92880630493164,89.9289321899414,0.000125885009765625,0.005,True
binh_dinh_grid_013,tcc,78,84.98447036743164,84.9836196899414,0.000850677490234375,0.005,True
binh_dinh_grid_014,tcc,78,75.33896255493164,75.3390884399414,0.000125885009765625,0.005,True
binh_dinh_grid_016,tcc,78,78.78036880493164,78.7804946899414,0.000125885009765625,0.005,True
binh_dinh_grid_010,ssr,78,64776536.0,64776608.0,72.0,2048.0,True
binh_dinh_grid_011,ssr,78,77891416.0,77891488.0,72.0,2048.0,True
binh_dinh_grid_013,ssr,78,65782616.0,65782688.0,72.0,2048.0,True
binh_dinh_grid_014,ssr,78,80027480.0,80027552.0,72.0,2048.0,True
binh_dinh_grid_016,ssr,78,67881816.0,67881888.0,72.0,2048.0,True
binh_dinh_grid_010,tp,78,7.8100807666778564,7.810081481933594,7.152557373046875e-07,0.0001,True
binh_dinh_grid_011,tp,78,4.6496498584747314,4.649648666381836,1.1920928955078125e-06,0.0001,True
binh_dinh_grid_013,tp,78,11.66065239906311,11.660652160644531,2.384185791015625e-07,0.0001,True
binh_dinh_grid_014,tp,78,6.4658472537994385,6.465847015380859,2.384185791015625e-07,0.0001,True
binh_dinh_grid_016,tp,78,10.035846948623657,10.035846710205078,2.384185791015625e-07,0.0001,True
binh_dinh_grid_010,10u,84,2.5640400648117065,2.5640339255332947,6.139278411865234e-06,0.001,True
binh_dinh_grid_011,10u,84,2.2013081312179565,2.2013019919395447,6.139278411865234e-06,0.001,True
binh_dinh_grid_013,10u,84,2.7863301038742065,2.7863239645957947,6.139278411865234e-06,0.001,True
binh_dinh_grid_014,10u,84,1.2758930921554565,1.2758869528770447,6.139278411865234e-06,0.001,True
binh_dinh_grid_016,10u,84,1.9475239515304565,1.9475178122520447,6.139278411865234e-06,0.001,True
binh_dinh_grid_010,10v,84,2.1856979727745056,2.185693509876728,4.462897777557373e-06,0.001,True
binh_dinh_grid_011,10v,84,3.0730270743370056,3.073022611439228,4.462897777557373e-06,0.001,True
binh_dinh_grid_013,10v,84,1.7352585196495056,1.735315091907978,5.657225847244263e-05,0.001,True
binh_dinh_grid_014,10v,84,1.9784225821495056,1.978479154407978,5.657225847244263e-05,0.001,True
binh_dinh_grid_016,10v,84,0.8742966055870056,0.8742921426892281,4.462897777557373e-06,0.001,True
binh_dinh_grid_010,2d,84,296.3028869628906,296.3028259277344,6.103515625e-05,0.001,True
binh_dinh_grid_011,2d,84,297.0362854003906,297.0363464355469,6.103515625e-05,0.001,True
binh_dinh_grid_013,2d,84,295.6743469238281,295.6744079589844,6.103515625e-05,0.001,True
binh_dinh_grid_014,2d,84,297.0879211425781,297.0879821777344,6.103515625e-05,0.001,True
binh_dinh_grid_016,2d,84,295.8384094238281,295.8384704589844,6.103515625e-05,0.001,True
binh_dinh_grid_010,2t,84,303.3007507324219,303.30078125,3.0517578125e-05,0.001,True
binh_dinh_grid_011,2t,84,303.5265808105469,303.526611328125,3.0517578125e-05,0.001,True
binh_dinh_grid_013,2t,84,301.1219787597656,301.1220703125,9.1552734375e-05,0.001,True
binh_dinh_grid_014,2t,84,303.6133117675781,303.61328125,3.0517578125e-05,0.001,True
binh_dinh_grid_016,2t,84,300.9116516113281,300.91162109375,3.0517578125e-05,0.001,True
binh_dinh_grid_010,sp,84,100020.1796875,100020.1484375,0.03125,0.2,True
binh_dinh_grid_011,sp,84,99947.6171875,99947.6484375,0.03125,0.2,True
binh_dinh_grid_013,sp,84,97855.1796875,97855.1484375,0.03125,0.2,True
binh_dinh_grid_014,sp,84,100086.1796875,100086.1484375,0.03125,0.2,True
binh_dinh_grid_016,sp,84,97627.6796875,97627.6484375,0.03125,0.2,True
binh_dinh_grid_010,tcc,84,97.9985122680664,97.99847412109375,3.814697265625e-05,0.005,True
binh_dinh_grid_011,tcc,84,90.9789810180664,90.97918701171875,0.00020599365234375,0.005,True
binh_dinh_grid_013,tcc,84,88.9589614868164,88.95916748046875,0.00020599365234375,0.005,True
binh_dinh_grid_014,tcc,84,88.3525161743164,88.35247802734375,3.814697265625e-05,0.005,True
binh_dinh_grid_016,tcc,84,87.2416763305664,87.24163818359375,3.814697265625e-05,0.005,True
binh_dinh_grid_010,ssr,84,69946000.0,69945876.0,124.0,2048.0,True
binh_dinh_grid_011,ssr,84,84765840.0,84765716.0,124.0,2048.0,True
binh_dinh_grid_013,ssr,84,72254608.0,72254484.0,124.0,2048.0,True
binh_dinh_grid_014,ssr,84,87559312.0,87559188.0,124.0,2048.0,True
binh_dinh_grid_016,ssr,84,74946192.0,74946068.0,124.0,2048.0,True
binh_dinh_grid_010,tp,84,8.203055500984192,8.203055381774902,1.1920928955078125e-07,0.0001,True
binh_dinh_grid_011,tp,84,4.845904469490051,4.845904350280762,1.1920928955078125e-07,0.0001,True
binh_dinh_grid_013,tp,84,11.828436017036438,11.828434944152832,1.0728836059570312e-06,0.0001,True
binh_dinh_grid_014,tp,84,6.64998733997345,6.64998722076416,1.1920928955078125e-07,0.0001,True
binh_dinh_grid_016,tp,84,10.340239644050598,10.340239524841309,1.1920928955078125e-07,0.0001,True
binh_dinh_grid_010,10u,90,-0.27122947573661804,-0.27122947573661804,0.0,0.001,True
binh_dinh_grid_011,10u,90,3.315074235200882,3.315074235200882,0.0,0.001,True
binh_dinh_grid_013,10u,90,0.750254899263382,0.750254899263382,0.0,0.001,True
binh_dinh_grid_014,10u,90,1.351084977388382,1.351084977388382,0.0,0.001,True
binh_dinh_grid_016,10u,90,0.44544532895088196,0.44544532895088196,0.0,0.001,True
binh_dinh_grid_010,10v,90,1.2586930990219116,1.2586889266967773,4.172325134277344e-06,0.001,True
binh_dinh_grid_011,10v,90,2.2339128255844116,2.2339086532592773,4.172325134277344e-06,0.001,True
binh_dinh_grid_013,10v,90,1.3628190755844116,1.3628149032592773,4.172325134277344e-06,0.001,True
binh_dinh_grid_014,10v,90,1.2422746419906616,1.2423315048217773,5.6862831115722656e-05,0.001,True
binh_dinh_grid_016,10v,90,1.1230729818344116,1.1230688095092773,4.172325134277344e-06,0.001,True
binh_dinh_grid_010,2d,90,295.392822265625,295.392822265625,0.0,0.001,True
binh_dinh_grid_011,2d,90,295.76055908203125,295.76055908203125,0.0,0.001,True
binh_dinh_grid_013,2d,90,295.068359375,295.068359375,0.0,0.001,True
binh_dinh_grid_014,2d,90,295.88983154296875,295.88983154296875,0.0,0.001,True
binh_dinh_grid_016,2d,90,294.6878662109375,294.6878662109375,0.0,0.001,True
binh_dinh_grid_010,2t,90,299.7122497558594,299.7122497558594,0.0,0.001,True
binh_dinh_grid_011,2t,90,300.1946105957031,300.1946716308594,6.103515625e-05,0.001,True
binh_dinh_grid_013,2t,90,298.2332458496094,298.2332458496094,0.0,0.001,True
binh_dinh_grid_014,2t,90,300.3030700683594,300.3030700683594,0.0,0.001,True
binh_dinh_grid_016,2t,90,298.2920837402344,298.2920837402344,0.0,0.001,True
binh_dinh_grid_010,sp,90,99990.2421875,99990.28125,0.0390625,0.2,True
binh_dinh_grid_011,sp,90,99936.3671875,99936.40625,0.0390625,0.2,True
binh_dinh_grid_013,sp,90,97783.6171875,97783.65625,0.0390625,0.2,True
binh_dinh_grid_014,sp,90,100070.7421875,100070.78125,0.0390625,0.2,True
binh_dinh_grid_016,sp,90,97540.9296875,97540.90625,0.0234375,0.2,True
binh_dinh_grid_010,tcc,90,89.11996459960938,89.11972045898438,0.000244140625,0.005,True
binh_dinh_grid_011,tcc,90,83.41415405273438,83.41415405273438,0.0,0.005,True
binh_dinh_grid_013,tcc,90,96.78744506835938,96.78720092773438,0.000244140625,0.005,True
binh_dinh_grid_014,tcc,90,90.92831420898438,90.92831420898438,0.0,0.005,True
binh_dinh_grid_016,tcc,90,98.73007202148438,98.73007202148438,0.0,0.005,True
binh_dinh_grid_010,ssr,90,69946000.0,69945876.0,124.0,2048.0,True
binh_dinh_grid_011,ssr,90,84765840.0,84765716.0,124.0,2048.0,True
binh_dinh_grid_013,ssr,90,72254608.0,72254484.0,124.0,2048.0,True
binh_dinh_grid_014,ssr,90,87559312.0,87559188.0,124.0,2048.0,True
binh_dinh_grid_016,ssr,90,74946192.0,74946068.0,124.0,2048.0,True
binh_dinh_grid_010,tp,90,8.216330766677856,8.21633005142212,7.152557373046875e-07,0.0001,True
binh_dinh_grid_011,tp,90,4.854286432266235,4.8542866706848145,2.384185791015625e-07,0.0001,True
binh_dinh_grid_013,tp,90,12.552153825759888,12.552155017852783,1.1920928955078125e-06,0.0001,True
binh_dinh_grid_014,tp,90,8.285374879837036,8.285374164581299,7.152557373046875e-07,0.0001,True
binh_dinh_grid_016,tp,90,10.491801500320435,10.491800785064697,7.152557373046875e-07,0.0001,True
binh_dinh_grid_010,10u,96,-0.7458871603012085,-0.7458871603012085,0.0,0.001,True
binh_dinh_grid_011,10u,96,1.3120962381362915,1.3119741678237915,0.0001220703125,0.001,True
binh_dinh_grid_013,10u,96,-1.1926645040512085,-1.1926645040512085,0.0,0.001,True
binh_dinh_grid_014,10u,96,-0.0869516134262085,-0.0869516134262085,0.0,0.001,True
binh_dinh_grid_016,10u,96,-0.4862436056137085,-0.4861215353012085,0.0001220703125,0.001,True
binh_dinh_grid_010,10v,96,1.1197038888931274,1.119691252708435,1.2636184692382812e-05,0.001,True
binh_dinh_grid_011,10v,96,3.1276994943618774,3.127747893333435,4.839897155761719e-05,0.001,True
binh_dinh_grid_013,10v,96,1.1312395334243774,1.131287932395935,4.839897155761719e-05,0.001,True
binh_dinh_grid_014,10v,96,1.8079973459243774,1.808045744895935,4.839897155761719e-05,0.001,True
binh_dinh_grid_016,10v,96,1.7746111154556274,1.774598479270935,1.2636184692382812e-05,0.001,True
binh_dinh_grid_010,2d,96,295.7706604003906,295.7706604003906,0.0,0.001,True
binh_dinh_grid_011,2d,96,296.1228332519531,296.1228332519531,0.0,0.001,True
binh_dinh_grid_013,2d,96,295.5470886230469,295.5470886230469,0.0,0.001,True
binh_dinh_grid_014,2d,96,295.894287109375,295.8943176269531,3.0517578125e-05,0.001,True
binh_dinh_grid_016,2d,96,295.1974182128906,295.1974182128906,0.0,0.001,True
binh_dinh_grid_010,2t,96,300.94305419921875,300.9430236816406,3.0517578125e-05,0.001,True
binh_dinh_grid_011,2t,96,300.99591064453125,300.9958801269531,3.0517578125e-05,0.001,True
binh_dinh_grid_013,2t,96,298.89605712890625,298.8960266113281,3.0517578125e-05,0.001,True
binh_dinh_grid_014,2t,96,301.38702392578125,301.3869934082031,3.0517578125e-05,0.001,True
binh_dinh_grid_016,2t,96,299.2320556640625,299.2320861816406,3.0517578125e-05,0.001,True
binh_dinh_grid_010,sp,96,100002.0859375,100002.0625,0.0234375,0.2,True
binh_dinh_grid_011,sp,96,99975.5234375,99975.5625,0.0390625,0.2,True
binh_dinh_grid_013,sp,96,97793.7109375,97793.6875,0.0234375,0.2,True
binh_dinh_grid_014,sp,96,100110.2109375,100110.1875,0.0234375,0.2,True
binh_dinh_grid_016,sp,96,97550.2109375,97550.1875,0.0234375,0.2,True
binh_dinh_grid_010,tcc,96,99.98033905029297,99.98033142089844,7.62939453125e-06,0.005,True
binh_dinh_grid_011,tcc,96,99.73809051513672,99.73808288574219,7.62939453125e-06,0.005,True
binh_dinh_grid_013,tcc,96,99.85753631591797,99.85752868652344,7.62939453125e-06,0.005,True
binh_dinh_grid_014,tcc,96,99.18804168701172,99.18809509277344,5.340576171875e-05,0.005,True
binh_dinh_grid_016,tcc,96,98.23888397216797,98.23887634277344,7.62939453125e-06,0.005,True
binh_dinh_grid_010,ssr,96,70155496.0,70155344.0,152.0,2048.0,True
binh_dinh_grid_011,ssr,96,85075688.0,85075536.0,152.0,2048.0,True
binh_dinh_grid_013,ssr,96,72386792.0,72387152.0,360.0,2048.0,True
binh_dinh_grid_014,ssr,96,87882984.0,87883344.0,360.0,2048.0,True
binh_dinh_grid_016,ssr,96,75145448.0,75145296.0,152.0,2048.0,True
binh_dinh_grid_010,tp,96,8.216330766677856,8.21633005142212,7.152557373046875e-07,0.0001,True
binh_dinh_grid_011,tp,96,4.854286432266235,4.8542866706848145,2.384185791015625e-07,0.0001,True
binh_dinh_grid_013,tp,96,12.587435960769653,12.587435245513916,7.152557373046875e-07,0.0001,True
binh_dinh_grid_014,tp,96,8.285374879837036,8.285374164581299,7.152557373046875e-07,0.0001,True
binh_dinh_grid_016,tp,96,10.5015709400177,10.501570224761963,7.152557373046875e-07,0.0001,True
binh_dinh_grid_010,10u,102,3.72896671295166,3.728919744491577,4.696846008300781e-05,0.001,True
binh_dinh_grid_011,10u,102,4.72683048248291,4.726722478866577,0.00010800361633300781,0.001,True
binh_dinh_grid_013,10u,102,4.52034854888916,4.520423650741577,7.510185241699219e-05,0.001,True
binh_dinh_grid_014,10u,102,5.58095645904541,5.580970525741577,1.4066696166992188e-05,0.001,True
binh_dinh_grid_016,10u,102,3.93709659576416,3.937171697616577,7.510185241699219e-05,0.001,True
binh_dinh_grid_010,10v,102,2.142351746559143,2.142404720187187,5.297362804412842e-05,0.001,True
binh_dinh_grid_011,10v,102,3.345842957496643,3.345773860812187,6.909668445587158e-05,0.001,True
binh_dinh_grid_013,10v,102,1.648577332496643,1.6486303061246872,5.297362804412842e-05,0.001,True
binh_dinh_grid_014,10v,102,1.698992371559143,1.6990453451871872,5.297362804412842e-05,0.001,True
binh_dinh_grid_016,10v,102,1.574175477027893,1.5741674154996872,8.061528205871582e-06,0.001,True
binh_dinh_grid_010,2d,102,295.9648132324219,295.9648132324219,0.0,0.001,True
binh_dinh_grid_011,2d,102,296.4394836425781,296.4394226074219,6.103515625e-05,0.001,True
binh_dinh_grid_013,2d,102,295.4576110839844,295.4576110839844,0.0,0.001,True
binh_dinh_grid_014,2d,102,295.8390808105469,295.8390808105469,0.0,0.001,True
binh_dinh_grid_016,2d,102,295.0849914550781,295.0850524902344,6.103515625e-05,0.001,True
binh_dinh_grid_010,2t,102,304.9075927734375,304.907470703125,0.0001220703125,0.001,True
binh_dinh_grid_011,2t,102,304.23956298828125,304.239501953125,6.103515625e-05,0.001,True
binh_dinh_grid_013,2t,102,303.0908203125,303.0908203125,0.0,0.001,True
binh_dinh_grid_014,2t,102,305.48272705078125,305.482666015625,6.103515625e-05,0.001,True
binh_dinh_grid_016,2t,102,303.772216796875,303.772216796875,0.0,0.001,True
binh_dinh_grid_010,sp,102,99868.03125,99868.0,0.03125,0.2,True
binh_dinh_grid_011,sp,102,99808.90625,99808.875,0.03125,0.2,True
binh_dinh_grid_013,sp,102,97689.59375,97689.625,0.03125,0.2,True
binh_dinh_grid_014,sp,102,99938.34375,99938.375,0.03125,0.2,True
binh_dinh_grid_016,sp,102,97457.90625,97457.875,0.03125,0.2,True
binh_dinh_grid_010,tcc,102,93.32489776611328,93.32488250732422,1.52587890625e-05,0.005,True
binh_dinh_grid_011,tcc,102,91.79267120361328,91.79314422607422,0.0004730224609375,0.005,True
binh_dinh_grid_013,tcc,102,94.41181182861328,94.41179656982422,1.52587890625e-05,0.005,True
binh_dinh_grid_014,tcc,102,95.85712432861328,95.85710906982422,1.52587890625e-05,0.005,True
binh_dinh_grid_016,tcc,102,93.41425323486328,93.41423797607422,1.52587890625e-05,0.005,True
binh_dinh_grid_010,ssr,102,77043936.0,77043776.0,160.0,2048.0,True
binh_dinh_grid_011,ssr,102,94739680.0,94739520.0,160.0,2048.0,True
binh_dinh_grid_013,ssr,102,78927584.0,78927424.0,160.0,2048.0,True
binh_dinh_grid_014,ssr,102,96889568.0,96889408.0,160.0,2048.0,True
binh_dinh_grid_016,ssr,102,83493088.0,83492928.0,160.0,2048.0,True
binh_dinh_grid_010,tp,102,8.216874122619629,8.21687364578247,4.76837158203125e-07,0.0001,True
binh_dinh_grid_011,tp,102,4.859723091125488,4.85972261428833,4.76837158203125e-07,0.0001,True
binh_dinh_grid_013,tp,102,12.658197402954102,12.65819787979126,4.76837158203125e-07,0.0001,True
binh_dinh_grid_014,tp,102,8.299560546875,8.299561023712158,4.76837158203125e-07,0.0001,True
binh_dinh_grid_016,tp,102,10.58406925201416,10.584068775177002,4.76837158203125e-07,0.0001,True
binh_dinh_grid_010,10u,108,3.032578468322754,3.032604932785034,2.6464462280273438e-05,0.001,True
binh_dinh_grid_011,10u,108,3.717881202697754,3.717846632003784,3.457069396972656e-05,0.001,True
binh_dinh_grid_013,10u,108,2.307114601135254,2.307141065597534,2.6464462280273438e-05,0.001,True
binh_dinh_grid_014,10u,108,1.926255226135254,1.9262206554412842,3.457069396972656e-05,0.001,True
binh_dinh_grid_016,10u,108,1.904892921447754,1.9049193859100342,2.6464462280273438e-05,0.001,True
binh_dinh_grid_010,10v,108,2.658121347427368,2.658121347427368,0.0,0.001,True
binh_dinh_grid_011,10v,108,2.934366464614868,2.934366464614868,0.0,0.001,True
binh_dinh_grid_013,10v,108,1.8329260349273682,1.8329260349273682,0.0,0.001,True
binh_dinh_grid_014,10v,108,1.5911047458648682,1.5911047458648682,0.0,0.001,True
binh_dinh_grid_016,10v,108,1.0110266208648682,1.0110266208648682,0.0,0.001,True
binh_dinh_grid_010,2d,108,296.12762451171875,296.1275634765625,6.103515625e-05,0.001,True
binh_dinh_grid_011,2d,108,296.74676513671875,296.746826171875,6.103515625e-05,0.001,True
binh_dinh_grid_013,2d,108,295.78558349609375,295.78564453125,6.103515625e-05,0.001,True
binh_dinh_grid_014,2d,108,296.83489990234375,296.8349609375,6.103515625e-05,0.001,True
binh_dinh_grid_016,2d,108,295.84136962890625,295.84130859375,6.103515625e-05,0.001,True
binh_dinh_grid_010,2t,108,302.858642578125,302.8586730957031,3.0517578125e-05,0.001,True
binh_dinh_grid_011,2t,108,303.29022216796875,303.2903137207031,9.1552734375e-05,0.001,True
binh_dinh_grid_013,2t,108,300.716796875,300.7168273925781,3.0517578125e-05,0.001,True
binh_dinh_grid_014,2t,108,303.38482666015625,303.3847961425781,3.0517578125e-05,0.001,True
binh_dinh_grid_016,2t,108,300.83294677734375,300.8330383300781,9.1552734375e-05,0.001,True
binh_dinh_grid_010,sp,108,99937.1328125,99937.1796875,0.046875,0.2,True
binh_dinh_grid_011,sp,108,99855.2578125,99855.1796875,0.078125,0.2,True
binh_dinh_grid_013,sp,108,97754.2578125,97754.3046875,0.046875,0.2,True
binh_dinh_grid_014,sp,108,99988.7578125,99988.8046875,0.046875,0.2,True
binh_dinh_grid_016,sp,108,97518.6328125,97518.6796875,0.046875,0.2,True
binh_dinh_grid_010,tcc,108,99.55939483642578,99.559326171875,6.866455078125e-05,0.005,True
binh_dinh_grid_011,tcc,108,95.55646514892578,95.556396484375,6.866455078125e-05,0.005,True
binh_dinh_grid_013,tcc,108,98.06525421142578,98.065185546875,6.866455078125e-05,0.005,True
binh_dinh_grid_014,tcc,108,74.84845733642578,74.848388671875,6.866455078125e-05,0.005,True
binh_dinh_grid_016,tcc,108,92.34650421142578,92.346435546875,6.866455078125e-05,0.005,True
binh_dinh_grid_010,ssr,108,81948232.0,81947928.0,304.0,2048.0,True
binh_dinh_grid_011,ssr,108,100473928.0,100474136.0,208.0,2048.0,True
binh_dinh_grid_013,ssr,108,83641928.0,83641624.0,304.0,2048.0,True
binh_dinh_grid_014,ssr,108,103752264.0,103751960.0,304.0,2048.0,True
binh_dinh_grid_016,ssr,108,89506376.0,89506072.0,304.0,2048.0,True
binh_dinh_grid_010,tp,108,8.216873526573181,8.216874122619629,5.960464477539062e-07,0.0001,True
binh_dinh_grid_011,tp,108,4.859723448753357,4.859723091125488,3.5762786865234375e-07,0.0001,True
binh_dinh_grid_013,tp,108,12.69633138179779,12.696331977844238,5.960464477539062e-07,0.0001,True
binh_dinh_grid_014,tp,108,8.289122939109802,8.289122581481934,3.5762786865234375e-07,0.0001,True
binh_dinh_grid_016,tp,108,10.751235365867615,10.751235008239746,3.5762786865234375e-07,0.0001,True
binh_dinh_grid_010,10u,114,2.6010348796844482,2.6010618209838867,2.6941299438476562e-05,0.001,True
binh_dinh_grid_011,10u,114,4.573630094528198,4.573596000671387,3.409385681152344e-05,0.001,True
binh_dinh_grid_013,10u,114,3.6085422039031982,3.6085081100463867,3.409385681152344e-05,0.001,True
binh_dinh_grid_014,10u,114,2.9354465007781982,2.9354124069213867,3.409385681152344e-05,0.001,True
binh_dinh_grid_016,10u,114,2.7993991374969482,2.7994260787963867,2.6941299438476562e-05,0.001,True
binh_dinh_grid_010,10v,114,1.8989665508270264,1.8989297151565552,3.6835670471191406e-05,0.001,True
binh_dinh_grid_011,10v,114,2.8838908672332764,2.883915066719055,2.4199485778808594e-05,0.001,True
binh_dinh_grid_013,10v,114,1.8937175273895264,1.8936806917190552,3.6835670471191406e-05,0.001,True
binh_dinh_grid_014,10v,114,1.0887858867645264,1.0887490510940552,3.6835670471191406e-05,0.001,True
binh_dinh_grid_016,10v,114,1.1683757305145264,1.1683388948440552,3.6835670471191406e-05,0.001,True
binh_dinh_grid_010,2d,114,295.96490478515625,295.9648742675781,3.0517578125e-05,0.001,True
binh_dinh_grid_011,2d,114,296.6343994140625,296.6344299316406,3.0517578125e-05,0.001,True
binh_dinh_grid_013,2d,114,295.58868408203125,295.5886535644531,3.0517578125e-05,0.001,True
binh_dinh_grid_014,2d,114,296.3255615234375,296.3255920410156,3.0517578125e-05,0.001,True
binh_dinh_grid_016,2d,114,295.2884521484375,295.2884826660156,3.0517578125e-05,0.001,True
binh_dinh_grid_010,2t,114,300.96685791015625,300.9668884277344,3.0517578125e-05,0.001,True
binh_dinh_grid_011,2t,114,301.13214111328125,301.1321716308594,3.0517578125e-05,0.001,True
binh_dinh_grid_013,2t,114,299.28289794921875,299.2828063964844,9.1552734375e-05,0.001,True
binh_dinh_grid_014,2t,114,301.46331787109375,301.4632263183594,9.1552734375e-05,0.001,True
binh_dinh_grid_016,2t,114,299.27764892578125,299.2776794433594,3.0517578125e-05,0.001,True
binh_dinh_grid_010,sp,114,99931.8984375,99931.8984375,0.0,0.2,True
binh_dinh_grid_011,sp,114,99831.8984375,99831.8984375,0.0,0.2,True
binh_dinh_grid_013,sp,114,97717.0234375,97717.0234375,0.0,0.2,True
binh_dinh_grid_014,sp,114,99970.1484375,99970.1484375,0.0,0.2,True
binh_dinh_grid_016,sp,114,97475.7734375,97475.7734375,0.0,0.2,True
binh_dinh_grid_010,tcc,114,99.9937744140625,99.99378204345703,7.62939453125e-06,0.005,True
binh_dinh_grid_011,tcc,114,99.6978759765625,99.69788360595703,7.62939453125e-06,0.005,True
binh_dinh_grid_013,tcc,114,100.0,100.00000762939453,7.62939453125e-06,0.005,True
binh_dinh_grid_014,tcc,114,99.3067626953125,99.30670928955078,5.340576171875e-05,0.005,True
binh_dinh_grid_016,tcc,114,99.98236083984375,99.98236846923828,7.62939453125e-06,0.005,True
binh_dinh_grid_010,ssr,114,81948232.0,81947928.0,304.0,2048.0,True
binh_dinh_grid_011,ssr,114,100473928.0,100474136.0,208.0,2048.0,True
binh_dinh_grid_013,ssr,114,83641928.0,83641624.0,304.0,2048.0,True
binh_dinh_grid_014,ssr,114,103752264.0,103751960.0,304.0,2048.0,True
binh_dinh_grid_016,ssr,114,89506376.0,89506072.0,304.0,2048.0,True
binh_dinh_grid_010,tp,114,8.218314528465271,8.218314170837402,3.5762786865234375e-07,0.0001,True
binh_dinh_grid_011,tp,114,4.859723448753357,4.859723091125488,3.5762786865234375e-07,0.0001,True
binh_dinh_grid_013,tp,114,12.819632887840271,12.819632530212402,3.5762786865234375e-07,0.0001,True
binh_dinh_grid_014,tp,114,8.289122939109802,8.289122581481934,3.5762786865234375e-07,0.0001,True
binh_dinh_grid_016,tp,114,10.86713445186615,10.867135047912598,5.960464477539062e-07,0.0001,True
binh_dinh_grid_010,10u,120,0.7430471181869507,0.7430052757263184,4.184246063232422e-05,0.001,True
binh_dinh_grid_011,10u,120,2.3961232900619507,2.3960814476013184,4.184246063232422e-05,0.001,True
binh_dinh_grid_013,10u,120,1.9171193838119507,1.9170775413513184,4.184246063232422e-05,0.001,True
binh_dinh_grid_014,10u,120,1.6514943838119507,1.6514525413513184,4.184246063232422e-05,0.001,True
binh_dinh_grid_016,10u,120,0.8037160634994507,0.8037962913513184,8.022785186767578e-05,0.001,True
binh_dinh_grid_010,10v,120,1.9228910207748413,1.9229320287704468,4.100799560546875e-05,0.001,True
binh_dinh_grid_011,10v,120,3.1484159231185913,3.1483958959579468,2.002716064453125e-05,0.001,True
binh_dinh_grid_013,10v,120,1.9921048879623413,1.9921458959579468,4.100799560546875e-05,0.001,True
binh_dinh_grid_014,10v,120,1.8378080129623413,1.8378490209579468,4.100799560546875e-05,0.001,True
binh_dinh_grid_016,10v,120,1.9359525442123413,1.9359935522079468,4.100799560546875e-05,0.001,True
binh_dinh_grid_010,2d,120,295.9377746582031,295.937744140625,3.0517578125e-05,0.001,True
binh_dinh_grid_011,2d,120,296.4360046386719,296.43603515625,3.0517578125e-05,0.001,True
binh_dinh_grid_013,2d,120,295.5672912597656,295.5672607421875,3.0517578125e-05,0.001,True
binh_dinh_grid_014,2d,120,296.0075378417969,296.007568359375,3.0517578125e-05,0.001,True
binh_dinh_grid_016,2d,120,295.1424255371094,295.1424560546875,3.0517578125e-05,0.001,True
binh_dinh_grid_010,2t,120,301.2298889160156,301.22991943359375,3.0517578125e-05,0.001,True
binh_dinh_grid_011,2t,120,301.1932678222656,301.19329833984375,3.0517578125e-05,0.001,True
binh_dinh_grid_013,2t,120,299.3076477050781,299.30767822265625,3.0517578125e-05,0.001,True
binh_dinh_grid_014,2t,120,301.7909851074219,301.79095458984375,3.0517578125e-05,0.001,True
binh_dinh_grid_016,2t,120,299.7490539550781,299.74908447265625,3.0517578125e-05,0.001,True
binh_dinh_grid_010,sp,120,99860.71875,99860.765625,0.046875,0.2,True
binh_dinh_grid_011,sp,120,99815.59375,99815.515625,0.078125,0.2,True
binh_dinh_grid_013,sp,120,97659.59375,97659.515625,0.078125,0.2,True
binh_dinh_grid_014,sp,120,99948.09375,99948.140625,0.046875,0.2,True
binh_dinh_grid_016,sp,120,97423.53125,97423.515625,0.015625,0.2,True
binh_dinh_grid_010,tcc,120,100.00000762939453,100.00000762939453,0.0,0.005,True
binh_dinh_grid_011,tcc,120,99.99288177490234,99.99286651611328,1.52587890625e-05,0.005,True
binh_dinh_grid_013,tcc,120,99.9983901977539,99.9983901977539,0.0,0.005,True
binh_dinh_grid_014,tcc,120,99.99132537841797,99.99134063720703,1.52587890625e-05,0.005,True
binh_dinh_grid_016,tcc,120,100.00000762939453,100.00000762939453,0.0,0.005,True
binh_dinh_grid_010,ssr,120,82113224.0,82113472.0,248.0,2048.0,True
binh_dinh_grid_011,ssr,120,100738248.0,100737984.0,264.0,2048.0,True
binh_dinh_grid_013,ssr,120,83747528.0,83747776.0,248.0,2048.0,True
binh_dinh_grid_014,ssr,120,103966920.0,103966656.0,264.0,2048.0,True
binh_dinh_grid_016,ssr,120,89666760.0,89666496.0,264.0,2048.0,True
binh_dinh_grid_010,tp,120,8.235912680625916,8.235913276672363,5.960464477539062e-07,0.0001,True
binh_dinh_grid_011,tp,120,4.86116349697113,4.861163139343262,3.5762786865234375e-07,0.0001,True
binh_dinh_grid_013,tp,120,12.908165335655212,12.90816593170166,5.960464477539062e-07,0.0001,True
binh_dinh_grid_014,tp,120,8.289122939109802,8.289122581481934,3.5762786865234375e-07,0.0001,True
binh_dinh_grid_016,tp,120,10.902954459190369,10.902955055236816,5.960464477539062e-07,0.0001,True
binh_dinh_grid_010,10u,126,5.121407985687256,5.121496200561523,8.821487426757812e-05,0.001,True
binh_dinh_grid_011,10u,126,4.791665554046631,4.791662216186523,3.337860107421875e-06,0.001,True
binh_dinh_grid_013,10u,126,4.302590847015381,4.302648544311523,5.7697296142578125e-05,0.001,True
binh_dinh_grid_014,10u,126,4.910226345062256,4.910314559936523,8.821487426757812e-05,0.001,True
binh_dinh_grid_016,10u,126,4.007638454437256,4.007726669311523,8.821487426757812e-05,0.001,True
binh_dinh_grid_010,10v,126,2.7906949520111084,2.790698716416955,3.764405846595764e-06,0.001,True
binh_dinh_grid_011,10v,126,3.4351651668548584,3.435107896104455,5.7270750403404236e-05,0.001,True
binh_dinh_grid_013,10v,126,2.2516324520111084,2.251636216416955,3.764405846595764e-06,0.001,True
binh_dinh_grid_014,10v,126,2.3942105770111084,2.394214341416955,3.764405846595764e-06,0.001,True
binh_dinh_grid_016,10v,126,1.4662930965423584,1.466235825791955,5.7270750403404236e-05,0.001,True
binh_dinh_grid_010,2d,126,295.64752197265625,295.6475524902344,3.0517578125e-05,0.001,True
binh_dinh_grid_011,2d,126,296.58099365234375,296.5810241699219,3.0517578125e-05,0.001,True
binh_dinh_grid_013,2d,126,295.76251220703125,295.7625427246094,3.0517578125e-05,0.001,True
binh_dinh_grid_014,2d,126,296.233154296875,296.2331237792969,3.0517578125e-05,0.001,True
binh_dinh_grid_016,2d,126,295.47467041015625,295.4747009277344,3.0517578125e-05,0.001,True
binh_dinh_grid_010,2t,126,306.0321350097656,306.0321044921875,3.0517578125e-05,0.001,True
binh_dinh_grid_011,2t,126,304.8988952636719,304.89892578125,3.0517578125e-05,0.001,True
binh_dinh_grid_013,2t,126,302.8053894042969,302.805419921875,3.0517578125e-05,0.001,True
binh_dinh_grid_014,2t,126,305.5243835449219,305.5244140625,3.0517578125e-05,0.001,True
binh_dinh_grid_016,2t,126,303.0382995605469,303.038330078125,3.0517578125e-05,0.001,True
binh_dinh_grid_010,sp,126,99717.2109375,99717.15625,0.0546875,0.2,True
binh_dinh_grid_011,sp,126,99661.6484375,99661.65625,0.0078125,0.2,True
binh_dinh_grid_013,sp,126,97570.2109375,97570.28125,0.0703125,0.2,True
binh_dinh_grid_014,sp,126,99801.5859375,99801.65625,0.0703125,0.2,True
binh_dinh_grid_016,sp,126,97331.7734375,97331.78125,0.0078125,0.2,True
binh_dinh_grid_010,tcc,126,99.98847961425781,99.988525390625,4.57763671875e-05,0.005,True
binh_dinh_grid_011,tcc,126,98.17195129394531,98.171875,7.62939453125e-05,0.005,True
binh_dinh_grid_013,tcc,126,99.95820617675781,99.958251953125,4.57763671875e-05,0.005,True
binh_dinh_grid_014,tcc,126,98.58955383300781,98.589599609375,4.57763671875e-05,0.005,True
binh_dinh_grid_016,tcc,126,99.99995422363281,100.0,4.57763671875e-05,0.005,True
binh_dinh_grid_010,ssr,126,87169600.0,87169728.0,128.0,2048.0,True
binh_dinh_grid_011,ssr,126,109270592.0,109270720.0,128.0,2048.0,True
binh_dinh_grid_013,ssr,126,88922688.0,88922816.0,128.0,2048.0,True
binh_dinh_grid_014,ssr,126,112538176.0,112538304.0,128.0,2048.0,True
binh_dinh_grid_016,ssr,126,94717504.0,94716608.0,896.0,2048.0,True
binh_dinh_grid_010,tp,126,8.237353682518005,8.237353324890137,3.5762786865234375e-07,0.0001,True
binh_dinh_grid_011,tp,126,4.86116349697113,4.861163139343262,3.5762786865234375e-07,0.0001,True
binh_dinh_grid_013,tp,126,13.168911337852478,13.168911933898926,5.960464477539062e-07,0.0001,True
binh_dinh_grid_014,tp,126,8.300633788108826,8.300633430480957,3.5762786865234375e-07,0.0001,True
binh_dinh_grid_016,tp,126,11.258592009544373,11.258591651916504,3.5762786865234375e-07,0.0001,True
binh_dinh_grid_010,10u,132,4.5784876346588135,4.578519940376282,3.230571746826172e-05,0.001,True
binh_dinh_grid_011,10u,132,5.3614466190338135,5.361478924751282,3.230571746826172e-05,0.001,True
binh_dinh_grid_013,10u,132,4.3904993534088135,4.390409588813782,8.976459503173828e-05,0.001,True
binh_dinh_grid_014,10u,132,4.1267054080963135,4.126737713813782,3.230571746826172e-05,0.001,True
binh_dinh_grid_016,10u,132,3.1912806034088135,3.1913129091262817,3.230571746826172e-05,0.001,True
binh_dinh_grid_010,10v,132,2.641348361968994,2.6414008736610413,5.251169204711914e-05,0.001,True
binh_dinh_grid_011,10v,132,3.743155002593994,3.7432075142860413,5.251169204711914e-05,0.001,True
binh_dinh_grid_013,10v,132,2.449697971343994,2.4496284127235413,6.955862045288086e-05,0.001,True
binh_dinh_grid_014,10v,132,2.008047580718994,2.0081000924110413,5.251169204711914e-05,0.001,True
binh_dinh_grid_016,10v,132,0.8963532447814941,0.8964057564735413,5.251169204711914e-05,0.001,True
binh_dinh_grid_010,2d,132,296.39337158203125,296.3934020996094,3.0517578125e-05,0.001,True
binh_dinh_grid_011,2d,132,296.95269775390625,296.9527282714844,3.0517578125e-05,0.001,True
binh_dinh_grid_013,2d,132,295.80340576171875,295.8034362792969,3.0517578125e-05,0.001,True
binh_dinh_grid_014,2d,132,296.63995361328125,296.6399841308594,3.0517578125e-05,0.001,True
binh_dinh_grid_016,2d,132,295.78253173828125,295.7825622558594,3.0517578125e-05,0.001,True
binh_dinh_grid_010,2t,132,302.31219482421875,302.312255859375,6.103515625e-05,0.001,True
binh_dinh_grid_011,2t,132,302.80987548828125,302.809814453125,6.103515625e-05,0.001,True
binh_dinh_grid_013,2t,132,300.1845703125,300.1845703125,0.0,0.001,True
binh_dinh_grid_014,2t,132,302.91455078125,302.91455078125,0.0,0.001,True
binh_dinh_grid_016,2t,132,300.08453369140625,300.08447265625,6.103515625e-05,0.001,True
binh_dinh_grid_010,sp,132,99879.6875,99879.734375,0.046875,0.2,True
binh_dinh_grid_011,sp,132,99790.25,99790.234375,0.015625,0.2,True
binh_dinh_grid_013,sp,132,97695.5625,97695.484375,0.078125,0.2,True
binh_dinh_grid_014,sp,132,99933.75,99933.734375,0.015625,0.2,True
binh_dinh_grid_016,sp,132,97465.75,97465.734375,0.015625,0.2,True
binh_dinh_grid_010,tcc,132,99.9999771118164,100.00010681152344,0.00012969970703125,0.005,True
binh_dinh_grid_011,tcc,132,99.9753189086914,99.97520446777344,0.00011444091796875,0.005,True
binh_dinh_grid_013,tcc,132,99.99356842041016,99.99351501464844,5.340576171875e-05,0.005,True
binh_dinh_grid_014,tcc,132,98.20951080322266,98.20957946777344,6.866455078125e-05,0.005,True
binh_dinh_grid_016,tcc,132,99.85294342041016,99.85289001464844,5.340576171875e-05,0.005,True
binh_dinh_grid_010,ssr,132,90389392.0,90389312.0,80.0,2048.0,True
binh_dinh_grid_011,ssr,132,114291600.0,114291520.0,80.0,2048.0,True
binh_dinh_grid_013,ssr,132,91878288.0,91878208.0,80.0,2048.0,True
binh_dinh_grid_014,ssr,132,117064592.0,117064512.0,80.0,2048.0,True
binh_dinh_grid_016,ssr,132,98002832.0,98002752.0,80.0,2048.0,True
binh_dinh_grid_010,tp,132,8.26390254497528,8.263904094696045,1.5497207641601562e-06,0.0001,True
binh_dinh_grid_011,tp,132,4.861163020133972,4.86116361618042,5.960464477539062e-07,0.0001,True
binh_dinh_grid_013,tp,132,13.324783205986023,13.324782848358154,3.5762786865234375e-07,0.0001,True
binh_dinh_grid_014,tp,132,8.304381251335144,8.304381847381592,5.960464477539062e-07,0.0001,True
binh_dinh_grid_016,tp,132,11.657584071159363,11.65758466720581,5.960464477539062e-07,0.0001,True
binh_dinh_grid_010,10u,138,4.87869668006897,4.87866485118866,3.1828880310058594e-05,0.001,True
binh_dinh_grid_011,10u,138,4.54684853553772,4.54687774181366,2.9206275939941406e-05,0.001,True
binh_dinh_grid_013,10u,138,4.01041054725647,4.01037871837616,3.1828880310058594e-05,0.001,True
binh_dinh_grid_014,10u,138,2.9788553714752197,2.9788845777511597,2.9206275939941406e-05,0.001,True
binh_dinh_grid_016,10u,138,3.4711649417877197,3.4711941480636597,2.9206275939941406e-05,0.001,True
binh_dinh_grid_010,10v,138,2.397640585899353,2.397643804550171,3.2186508178710938e-06,0.001,True
binh_dinh_grid_011,10v,138,3.251156210899353,3.251159429550171,3.2186508178710938e-06,0.001,True
binh_dinh_grid_013,10v,138,2.429684042930603,2.429748296737671,6.42538070678711e-05,0.001,True
binh_dinh_grid_014,10v,138,1.965206503868103,1.965148687362671,5.7816505432128906e-05,0.001,True
binh_dinh_grid_016,10v,138,1.786007285118103,1.785949468612671,5.7816505432128906e-05,0.001,True
binh_dinh_grid_010,2d,138,295.826904296875,295.826904296875,0.0,0.001,True
binh_dinh_grid_011,2d,138,296.348388671875,296.348388671875,0.0,0.001,True
binh_dinh_grid_013,2d,138,295.6165771484375,295.6165771484375,0.0,0.001,True
binh_dinh_grid_014,2d,138,296.3155517578125,296.3155517578125,0.0,0.001,True
binh_dinh_grid_016,2d,138,295.36981201171875,295.36981201171875,0.0,0.001,True
binh_dinh_grid_010,2t,138,300.8716735839844,300.8717041015625,3.0517578125e-05,0.001,True
binh_dinh_grid_011,2t,138,301.1545715332031,301.154541015625,3.0517578125e-05,0.001,True
binh_dinh_grid_013,2t,138,299.1362609863281,299.13623046875,3.0517578125e-05,0.001,True
binh_dinh_grid_014,2t,138,301.4703063964844,301.4703369140625,3.0517578125e-05,0.001,True
binh_dinh_grid_016,2t,138,299.1892395019531,299.189208984375,3.0517578125e-05,0.001,True
binh_dinh_grid_010,sp,138,99806.9453125,99806.96875,0.0234375,0.2,True
binh_dinh_grid_011,sp,138,99748.0078125,99747.96875,0.0390625,0.2,True
binh_dinh_grid_013,sp,138,97603.3203125,97603.34375,0.0234375,0.2,True
binh_dinh_grid_014,sp,138,99896.2578125,99896.21875,0.0390625,0.2,True
binh_dinh_grid_016,sp,138,97388.3203125,97388.34375,0.0234375,0.2,True
binh_dinh_grid_010,tcc,138,99.99117279052734,99.99117279052734,0.0,0.005,True
binh_dinh_grid_011,tcc,138,99.94478607177734,99.94478607177734,0.0,0.005,True
binh_dinh_grid_013,tcc,138,99.8554458618164,99.85543060302734,1.52587890625e-05,0.005,True
binh_dinh_grid_014,tcc,138,99.47022247314453,99.4702377319336,1.52587890625e-05,0.005,True
binh_dinh_grid_016,tcc,138,99.99430084228516,99.9942855834961,1.52587890625e-05,0.005,True
binh_dinh_grid_010,ssr,138,90389392.0,90389312.0,80.0,2048.0,True
binh_dinh_grid_011,ssr,138,114291600.0,114291520.0,80.0,2048.0,True
binh_dinh_grid_013,ssr,138,91878288.0,91878208.0,80.0,2048.0,True
binh_dinh_grid_014,ssr,138,117064592.0,117064512.0,80.0,2048.0,True
binh_dinh_grid_016,ssr,138,98002832.0,98002752.0,80.0,2048.0,True
binh_dinh_grid_010,tp,138,8.298486590385437,8.298485279083252,1.3113021850585938e-06,0.0001,True
binh_dinh_grid_011,tp,138,4.8669222593307495,4.8669209480285645,1.3113021850585938e-06,0.0001,True
binh_dinh_grid_013,tp,138,13.531338572502136,13.531338214874268,3.5762786865234375e-07,0.0001,True
binh_dinh_grid_014,tp,138,8.344541430473328,8.344540119171143,1.3113021850585938e-06,0.0001,True
binh_dinh_grid_016,tp,138,11.806419253349304,11.806419849395752,5.960464477539062e-07,0.0001,True
binh_dinh_grid_010,10u,144,1.2181795835494995,1.218218743801117,3.916025161743164e-05,0.001,True
binh_dinh_grid_011,10u,144,4.2423495054244995,4.242388665676117,3.916025161743164e-05,0.001,True
binh_dinh_grid_013,10u,144,2.5738924741744995,2.573931634426117,3.916025161743164e-05,0.001,True
binh_dinh_grid_014,10u,144,4.1361483335494995,4.136187493801117,3.916025161743164e-05,0.001,True
binh_dinh_grid_016,10u,144,3.1748446226119995,3.174761712551117,8.291006088256836e-05,0.001,True
binh_dinh_grid_010,10v,144,1.693484902381897,1.6934342607855797,5.064159631729126e-05,0.001,True
binh_dinh_grid_011,10v,144,2.949527382850647,2.9495377764105797,1.039355993270874e-05,0.001,True
binh_dinh_grid_013,10v,144,1.718326210975647,1.7183366045355797,1.039355993270874e-05,0.001,True
binh_dinh_grid_014,10v,144,2.246585488319397,2.2466569170355797,7.142871618270874e-05,0.001,True
binh_dinh_grid_016,10v,144,2.408939003944397,2.4090104326605797,7.142871618270874e-05,0.001,True
binh_dinh_grid_010,2d,144,296.039306640625,296.0392761230469,3.0517578125e-05,0.001,True
binh_dinh_grid_011,2d,144,296.31414794921875,296.3141174316406,3.0517578125e-05,0.001,True
binh_dinh_grid_013,2d,144,295.38739013671875,295.3873596191406,3.0517578125e-05,0.001,True
binh_dinh_grid_014,2d,144,295.898681640625,295.8986511230469,3.0517578125e-05,0.001,True
binh_dinh_grid_016,2d,144,294.94207763671875,294.9421081542969,3.0517578125e-05,0.001,True
binh_dinh_grid_010,2t,144,300.7212829589844,300.7213134765625,3.0517578125e-05,0.001,True
binh_dinh_grid_011,2t,144,301.2132873535156,301.2132568359375,3.0517578125e-05,0.001,True
binh_dinh_grid_013,2t,144,299.3768005371094,299.3768310546875,3.0517578125e-05,0.001,True
binh_dinh_grid_014,2t,144,301.8130798339844,301.8131103515625,3.0517578125e-05,0.001,True
binh_dinh_grid_016,2t,144,299.3616638183594,299.3616943359375,3.0517578125e-05,0.001,True
binh_dinh_grid_010,sp,144,99764.2265625,99764.1953125,0.03125,0.2,True
binh_dinh_grid_011,sp,144,99704.3515625,99704.3203125,0.03125,0.2,True
binh_dinh_grid_013,sp,144,97553.2890625,97553.3203125,0.03125,0.2,True
binh_dinh_grid_014,sp,144,99851.2890625,99851.3203125,0.03125,0.2,True
binh_dinh_grid_016,sp,144,97338.5390625,97338.5703125,0.03125,0.2,True
binh_dinh_grid_010,tcc,144,99.9638671875,99.9638442993164,2.288818359375e-05,0.005,True
binh_dinh_grid_011,tcc,144,99.96551513671875,99.9655532836914,3.814697265625e-05,0.005,True
binh_dinh_grid_013,tcc,144,99.852783203125,99.8527603149414,2.288818359375e-05,0.005,True
binh_dinh_grid_014,tcc,144,98.89682006835938,98.8968276977539,7.62939453125e-06,0.005,True
binh_dinh_grid_016,tcc,144,99.91729736328125,99.91727447509766,2.288818359375e-05,0.005,True
binh_dinh_grid_010,ssr,144,90459248.0,90459264.0,16.0,2048.0,True
binh_dinh_grid_011,ssr,144,114470000.0,114470016.0,16.0,2048.0,True
binh_dinh_grid_013,ssr,144,92012656.0,92012672.0,16.0,2048.0,True
binh_dinh_grid_014,ssr,144,117299312.0,117299328.0,16.0,2048.0,True
binh_dinh_grid_016,ssr,144,98138224.0,98138240.0,16.0,2048.0,True
binh_dinh_grid_010,tp,144,8.401379227638245,8.401379108428955,1.1920928955078125e-07,0.0001,True
binh_dinh_grid_011,tp,144,5.266400933265686,5.26639986038208,1.0728836059570312e-06,0.0001,True
binh_dinh_grid_013,tp,144,13.761902451515198,13.761902332305908,1.1920928955078125e-07,0.0001,True
binh_dinh_grid_014,tp,144,8.797493577003479,8.79749345779419,1.1920928955078125e-07,0.0001,True
binh_dinh_grid_016,tp,144,11.953074097633362,11.953075885772705,1.7881393432617188e-06,0.0001,True
binh_dinh_grid_010,10u,150,5.702510833740234,5.702495694160461,1.5139579772949219e-05,0.001,True
binh_dinh_grid_011,10u,150,6.220333099365234,6.220317959785461,1.5139579772949219e-05,0.001,True
binh_dinh_grid_013,10u,150,4.599422454833984,4.599468350410461,4.589557647705078e-05,0.001,True
binh_dinh_grid_014,10u,150,6.512874603271484,6.512798428535461,7.617473602294922e-05,0.001,True
binh_dinh_grid_016,10u,150,4.634029388427734,4.634014248847961,1.5139579772949219e-05,0.001,True
binh_dinh_grid_010,10v,150,2.625997304916382,2.6259899139404297,7.3909759521484375e-06,0.001,True
binh_dinh_grid_011,10v,150,2.751607656478882,2.7516002655029297,7.3909759521484375e-06,0.001,True
binh_dinh_grid_013,10v,150,1.9187219142913818,1.9187145233154297,7.3909759521484375e-06,0.001,True
binh_dinh_grid_014,10v,150,2.501241445541382,2.5012950897216797,5.364418029785156e-05,0.001,True
binh_dinh_grid_016,10v,150,1.7607629299163818,1.7607555389404297,7.3909759521484375e-06,0.001,True
binh_dinh_grid_010,2d,150,295.1171875,295.1172180175781,3.0517578125e-05,0.001,True
binh_dinh_grid_011,2d,150,296.13482666015625,296.1347961425781,3.0517578125e-05,0.001,True
binh_dinh_grid_013,2d,150,295.5384521484375,295.5384826660156,3.0517578125e-05,0.001,True
binh_dinh_grid_014,2d,150,295.87738037109375,295.8773498535156,3.0517578125e-05,0.001,True
binh_dinh_grid_016,2d,150,295.14947509765625,295.1495056152344,3.0517578125e-05,0.001,True
binh_dinh_grid_010,2t,150,305.0144958496094,305.01446533203125,3.0517578125e-05,0.001,True
binh_dinh_grid_011,2t,150,304.3346252441406,304.33465576171875,3.0517578125e-05,0.001,True
binh_dinh_grid_013,2t,150,302.4685363769531,302.46856689453125,3.0517578125e-05,0.001,True
binh_dinh_grid_014,2t,150,305.2177429199219,305.21771240234375,3.0517578125e-05,0.001,True
binh_dinh_grid_016,2t,150,302.7458801269531,302.74591064453125,3.0517578125e-05,0.001,True
binh_dinh_grid_010,sp,150,99632.984375,99633.0234375,0.0390625,0.2,True
binh_dinh_grid_011,sp,150,99567.296875,99567.2734375,0.0234375,0.2,True
binh_dinh_grid_013,sp,150,97479.109375,97479.1484375,0.0390625,0.2,True
binh_dinh_grid_014,sp,150,99704.921875,99704.8984375,0.0234375,0.2,True
binh_dinh_grid_016,sp,150,97250.046875,97250.0234375,0.0234375,0.2,True
binh_dinh_grid_010,tcc,150,100.0,100.00000762939453,7.62939453125e-06,0.005,True
binh_dinh_grid_011,tcc,150,99.99797248840332,99.99797821044922,5.7220458984375e-06,0.005,True
binh_dinh_grid_013,tcc,150,99.99759101867676,99.99759674072266,5.7220458984375e-06,0.005,True
binh_dinh_grid_014,tcc,150,99.98941898345947,99.98941802978516,9.5367431640625e-07,0.005,True
binh_dinh_grid_016,tcc,150,99.97647380828857,99.97647857666016,4.76837158203125e-06,0.005,True
binh_dinh_grid_010,ssr,150,93846320.0,93846520.0,200.0,2048.0,True
binh_dinh_grid_011,ssr,150,120017712.0,120017912.0,200.0,2048.0,True
binh_dinh_grid_013,ssr,150,97706800.0,97707000.0,200.0,2048.0,True
binh_dinh_grid_014,ssr,150,126490416.0,126490616.0,200.0,2048.0,True
binh_dinh_grid_016,ssr,150,103630640.0,103630840.0,200.0,2048.0,True
binh_dinh_grid_010,tp,150,8.401378989219666,8.40138053894043,1.5497207641601562e-06,0.0001,True
binh_dinh_grid_011,tp,150,5.272160887718201,5.272161483764648,5.960464477539062e-07,0.0001,True
binh_dinh_grid_013,tp,150,14.03930413722992,14.039304733276367,5.960464477539062e-07,0.0001,True
binh_dinh_grid_014,tp,150,8.7974933385849,8.797494888305664,1.5497207641601562e-06,0.0001,True
binh_dinh_grid_016,tp,150,12.371859908103943,12.371858596801758,1.3113021850585938e-06,0.0001,True
binh_dinh_grid_010,10u,156,3.9949634075164795,3.994962692260742,7.152557373046875e-07,0.001,True
binh_dinh_grid_011,10u,156,5.6558520793914795,5.655851364135742,7.152557373046875e-07,0.001,True
binh_dinh_grid_013,10u,156,4.7205493450164795,4.720548629760742,7.152557373046875e-07,0.001,True
binh_dinh_grid_014,10u,156,3.9120776653289795,3.912076950073242,7.152557373046875e-07,0.001,True
binh_dinh_grid_016,10u,156,3.4938647747039795,3.493864059448242,7.152557373046875e-07,0.001,True
binh_dinh_grid_010,10v,156,2.193583130836487,2.1935967206954956,1.3589859008789062e-05,0.001,True
binh_dinh_grid_011,10v,156,3.896219849586487,3.8962334394454956,1.3589859008789062e-05,0.001,True
binh_dinh_grid_013,10v,156,2.118509888648987,2.1184014081954956,0.00010848045349121094,0.001,True
binh_dinh_grid_014,10v,156,1.4919229745864868,1.4919365644454956,1.3589859008789062e-05,0.001,True
binh_dinh_grid_016,10v,156,1.2690225839614868,1.2690361738204956,1.3589859008789062e-05,0.001,True
binh_dinh_grid_010,2d,156,296.07464599609375,296.0746765136719,3.0517578125e-05,0.001,True
binh_dinh_grid_011,2d,156,296.5509033203125,296.5508728027344,3.0517578125e-05,0.001,True
binh_dinh_grid_013,2d,156,295.68682861328125,295.6868591308594,3.0517578125e-05,0.001,True
binh_dinh_grid_014,2d,156,296.21710205078125,296.2170715332031,3.0517578125e-05,0.001,True
binh_dinh_grid_016,2d,156,295.88909912109375,295.8891296386719,3.0517578125e-05,0.001,True
binh_dinh_grid_010,2t,156,301.8266906738281,301.8265686035156,0.0001220703125,0.001,True
binh_dinh_grid_011,2t,156,302.1119079589844,302.1119689941406,6.103515625e-05,0.001,True
binh_dinh_grid_013,2t,156,299.7227478027344,299.7228088378906,6.103515625e-05,0.001,True
binh_dinh_grid_014,2t,156,302.4048767089844,302.4049377441406,6.103515625e-05,0.001,True
binh_dinh_grid_016,2t,156,299.4767761230469,299.4767150878906,6.103515625e-05,0.001,True
binh_dinh_grid_010,sp,156,99845.8984375,99845.9140625,0.015625,0.2,True
binh_dinh_grid_011,sp,156,99752.0234375,99752.0390625,0.015625,0.2,True
binh_dinh_grid_013,sp,156,97654.5234375,97654.5390625,0.015625,0.2,True
binh_dinh_grid_014,sp,156,99910.7734375,99910.7890625,0.015625,0.2,True
binh_dinh_grid_016,sp,156,97437.3984375,97437.4140625,0.015625,0.2,True
binh_dinh_grid_010,tcc,156,99.17720794677734,99.1773910522461,0.00018310546875,0.005,True
binh_dinh_grid_011,tcc,156,100.00000762939453,100.0001449584961,0.0001373291015625,0.005,True
binh_dinh_grid_013,tcc,156,99.9526138305664,99.9527816772461,0.0001678466796875,0.005,True
binh_dinh_grid_014,tcc,156,99.1279067993164,99.1280746459961,0.0001678466796875,0.005,True
binh_dinh_grid_016,tcc,156,99.8828353881836,99.8829574584961,0.0001220703125,0.005,True
binh_dinh_grid_010,ssr,156,96209992.0,96209768.0,224.0,2048.0,True
binh_dinh_grid_011,ssr,156,122419272.0,122419048.0,224.0,2048.0,True
binh_dinh_grid_013,ssr,156,100188232.0,100188008.0,224.0,2048.0,True
binh_dinh_grid_014,ssr,156,129221704.0,129221480.0,224.0,2048.0,True
binh_dinh_grid_016,ssr,156,106678344.0,106678120.0,224.0,2048.0,True
binh_dinh_grid_010,tp,156,8.429015040397644,8.42901611328125,1.0728836059570312e-06,0.0001,True
binh_dinh_grid_011,tp,156,5.283035159111023,5.2830352783203125,1.1920928955078125e-07,0.0001,True
binh_dinh_grid_013,tp,156,14.398506999015808,14.398506164550781,8.344650268554688e-07,0.0001,True
binh_dinh_grid_014,tp,156,8.797493815422058,8.797492980957031,8.344650268554688e-07,0.0001,True
binh_dinh_grid_016,tp,156,13.173943400382996,13.173942565917969,8.344650268554688e-07,0.0001,True
binh_dinh_grid_010,10u,162,5.208954334259033,5.208919942378998,3.439188003540039e-05,0.001,True
binh_dinh_grid_011,10u,162,5.658478260040283,5.658504903316498,2.664327621459961e-05,0.001,True
binh_dinh_grid_013,10u,162,5.856476306915283,5.856502950191498,2.664327621459961e-05,0.001,True
binh_dinh_grid_014,10u,162,5.277130603790283,5.277157247066498,2.664327621459961e-05,0.001,True
binh_dinh_grid_016,10u,162,4.001129627227783,4.001156270503998,2.664327621459961e-05,0.001,True
binh_dinh_grid_010,10v,162,3.290520429611206,3.290526568889618,6.139278411865234e-06,0.001,True
binh_dinh_grid_011,10v,162,2.872185468673706,2.872191607952118,6.139278411865234e-06,0.001,True
binh_dinh_grid_013,10v,162,2.794670820236206,2.794676959514618,6.139278411865234e-06,0.001,True
binh_dinh_grid_014,10v,162,2.079949140548706,2.079955279827118,6.139278411865234e-06,0.001,True
binh_dinh_grid_016,10v,162,1.373772382736206,1.373778522014618,6.139278411865234e-06,0.001,True
binh_dinh_grid_010,2d,162,296.0171813964844,296.0172119140625,3.0517578125e-05,0.001,True
binh_dinh_grid_011,2d,162,296.4744567871094,296.4744873046875,3.0517578125e-05,0.001,True
binh_dinh_grid_013,2d,162,295.4825744628906,295.4825439453125,3.0517578125e-05,0.001,True
binh_dinh_grid_014,2d,162,295.8959045410156,295.8958740234375,3.0517578125e-05,0.001,True
binh_dinh_grid_016,2d,162,295.3125915527344,295.3126220703125,3.0517578125e-05,0.001,True
binh_dinh_grid_010,2t,162,300.6940612792969,300.694091796875,3.0517578125e-05,0.001,True
binh_dinh_grid_011,2t,162,301.1164245605469,301.116455078125,3.0517578125e-05,0.001,True
binh_dinh_grid_013,2t,162,299.1006164550781,299.1005859375,3.0517578125e-05,0.001,True
binh_dinh_grid_014,2t,162,301.6592712402344,301.6593017578125,3.0517578125e-05,0.001,True
binh_dinh_grid_016,2t,162,298.8516540527344,298.8516845703125,3.0517578125e-05,0.001,True
binh_dinh_grid_010,sp,162,99808.8515625,99808.8984375,0.046875,0.2,True
binh_dinh_grid_011,sp,162,99721.9140625,99721.8984375,0.015625,0.2,True
binh_dinh_grid_013,sp,162,97630.1640625,97630.1484375,0.015625,0.2,True
binh_dinh_grid_014,sp,162,99850.1015625,99850.1484375,0.046875,0.2,True
binh_dinh_grid_016,sp,162,97426.7265625,97426.7734375,0.046875,0.2,True
binh_dinh_grid_010,tcc,162,100.0,100.0,0.0,0.005,True
binh_dinh_grid_011,tcc,162,100.0,100.0,0.0,0.005,True
binh_dinh_grid_013,tcc,162,100.0,100.0,0.0,0.005,True
binh_dinh_grid_014,tcc,162,100.0,100.0,0.0,0.005,True
binh_dinh_grid_016,tcc,162,99.99728965759277,99.99728965759277,0.0,0.005,True
binh_dinh_grid_010,ssr,162,96209992.0,96209768.0,224.0,2048.0,True
binh_dinh_grid_011,ssr,162,122419272.0,122419048.0,224.0,2048.0,True
binh_dinh_grid_013,ssr,162,100188232.0,100188008.0,224.0,2048.0,True
binh_dinh_grid_014,ssr,162,129221704.0,129221480.0,224.0,2048.0,True
binh_dinh_grid_016,ssr,162,106678344.0,106678120.0,224.0,2048.0,True
binh_dinh_grid_010,tp,162,8.45844566822052,8.458445072174072,5.960464477539062e-07,0.0001,True
binh_dinh_grid_011,tp,162,5.316561818122864,5.316561222076416,5.960464477539062e-07,0.0001,True
binh_dinh_grid_013,tp,162,14.84100067615509,14.841001987457275,1.3113021850585938e-06,0.0001,True
binh_dinh_grid_014,tp,162,8.804988980293274,8.80498743057251,1.5497207641601562e-06,0.0001,True
binh_dinh_grid_016,tp,162,13.584035038948059,13.584036350250244,1.3113021850585938e-06,0.0001,True
binh_dinh_grid_010,10u,168,4.255530834197998,4.255516290664673,1.4543533325195312e-05,0.001,True
binh_dinh_grid_011,10u,168,7.128089427947998,7.128074884414673,1.4543533325195312e-05,0.001,True
binh_dinh_grid_013,10u,168,5.875037670135498,5.875023126602173,1.4543533325195312e-05,0.001,True
binh_dinh_grid_014,10u,168,5.653113842010498,5.653099298477173,1.4543533325195312e-05,0.001,True
binh_dinh_grid_016,10u,168,4.612098217010498,4.612083673477173,1.4543533325195312e-05,0.001,True
binh_dinh_grid_010,10v,168,1.9145934581756592,1.9145934581756592,0.0,0.001,True
binh_dinh_grid_011,10v,168,3.399395704269409,3.399395704269409,0.0,0.001,True
binh_dinh_grid_013,10v,168,1.7953307628631592,1.7953307628631592,0.0,0.001,True
binh_dinh_grid_014,10v,168,1.1034362316131592,1.1034362316131592,0.0,0.001,True
binh_dinh_grid_016,10v,168,1.1505553722381592,1.1505553722381592,0.0,0.001,True
binh_dinh_grid_010,2d,168,295.6788330078125,295.6788635253906,3.0517578125e-05,0.001,True
binh_dinh_grid_011,2d,168,296.29132080078125,296.2913513183594,3.0517578125e-05,0.001,True
binh_dinh_grid_013,2d,168,295.28961181640625,295.2895812988281,3.0517578125e-05,0.001,True
binh_dinh_grid_014,2d,168,295.69256591796875,295.6925964355469,3.0517578125e-05,0.001,True
binh_dinh_grid_016,2d,168,295.1480712890625,295.1481018066406,3.0517578125e-05,0.001,True
binh_dinh_grid_010,2t,168,300.8979187011719,300.8978576660156,6.103515625e-05,0.001,True
binh_dinh_grid_011,2t,168,300.8744201660156,300.8744201660156,0.0,0.001,True
binh_dinh_grid_013,2t,168,298.9716491699219,298.9715881347656,6.103515625e-05,0.001,True
binh_dinh_grid_014,2t,168,301.6438293457031,301.6438293457031,0.0,0.001,True
binh_dinh_grid_016,2t,168,298.7764587402344,298.7765197753906,6.103515625e-05,0.001,True
binh_dinh_grid_010,sp,168,99795.828125,99795.8203125,0.0078125,0.2,True
binh_dinh_grid_011,sp,168,99648.578125,99648.5703125,0.0078125,0.2,True
binh_dinh_grid_013,sp,168,97599.328125,97599.3203125,0.0078125,0.2,True
binh_dinh_grid_014,sp,168,99832.640625,99832.5703125,0.0703125,0.2,True
binh_dinh_grid_016,sp,168,97379.828125,97379.8203125,0.0078125,0.2,True
binh_dinh_grid_010,tcc,168,99.99660110473633,99.9966049194336,3.814697265625e-06,0.005,True
binh_dinh_grid_011,tcc,168,100.0,100.0,0.0,0.005,True
binh_dinh_grid_013,tcc,168,100.0,100.0,0.0,0.005,True
binh_dinh_grid_014,tcc,168,99.99636840820312,99.99636840820312,0.0,0.005,True
binh_dinh_grid_016,tcc,168,100.0,100.0,0.0,0.005,True
binh_dinh_grid_010,ssr,168,96329776.0,96329400.0,376.0,2048.0,True
binh_dinh_grid_011,ssr,168,122502192.0,122502840.0,648.0,2048.0,True
binh_dinh_grid_013,ssr,168,100286512.0,100286136.0,376.0,2048.0,True
binh_dinh_grid_014,ssr,168,129347632.0,129347256.0,376.0,2048.0,True
binh_dinh_grid_016,ssr,168,106772528.0,106773176.0,648.0,2048.0,True
binh_dinh_grid_010,tp,168,8.70047402381897,8.700474262237549,2.384185791015625e-07,0.0001,True
binh_dinh_grid_011,tp,168,5.53903603553772,5.539036273956299,2.384185791015625e-07,0.0001,True
binh_dinh_grid_013,tp,168,15.597289323806763,15.597290515899658,1.1920928955078125e-06,0.0001,True
binh_dinh_grid_014,tp,168,8.8124840259552,8.812485218048096,1.1920928955078125e-06,0.0001,True
binh_dinh_grid_016,tp,168,14.159364938735962,14.159363269805908,1.6689300537109375e-06,0.0001,True
binh_dinh_grid_010,10u,174,4.211000442504883,4.211046040058136,4.559755325317383e-05,0.001,True
binh_dinh_grid_011,10u,174,5.600038528442383,5.600084125995636,4.559755325317383e-05,0.001,True
binh_dinh_grid_013,10u,174,5.268251419067383,5.268297016620636,4.559755325317383e-05,0.001,True
binh_dinh_grid_014,10u,174,5.966371536254883,5.966295063495636,7.647275924682617e-05,0.001,True
binh_dinh_grid_016,10u,174,3.956361770629883,3.956407368183136,4.559755325317383e-05,0.001,True
binh_dinh_grid_010,10v,174,3.2682406306266785,3.2682316303253174,9.000301361083984e-06,0.001,True
binh_dinh_grid_011,10v,174,3.0501009821891785,3.0500919818878174,9.000301361083984e-06,0.001,True
binh_dinh_grid_013,10v,174,2.2741000056266785,2.2740910053253174,9.000301361083984e-06,0.001,True
binh_dinh_grid_014,10v,174,1.7211214900016785,1.7211124897003174,9.000301361083984e-06,0.001,True
binh_dinh_grid_016,10v,174,0.8328158259391785,0.8328068256378174,9.000301361083984e-06,0.001,True
binh_dinh_grid_010,2d,174,297.0115661621094,297.0115966796875,3.0517578125e-05,0.001,True
binh_dinh_grid_011,2d,174,296.99029541015625,296.990234375,6.103515625e-05,0.001,True
binh_dinh_grid_013,2d,174,295.8798522949219,295.8798828125,3.0517578125e-05,0.001,True
binh_dinh_grid_014,2d,174,296.4259338378906,296.4259033203125,3.0517578125e-05,0.001,True
binh_dinh_grid_016,2d,174,296.302001953125,296.302001953125,0.0,0.001,True
binh_dinh_grid_010,2t,174,301.6946716308594,301.6946716308594,0.0,0.001,True
binh_dinh_grid_011,2t,174,301.4878845214844,301.4878845214844,0.0,0.001,True
binh_dinh_grid_013,2t,174,299.8204040527344,299.8204040527344,0.0,0.001,True
binh_dinh_grid_014,2t,174,302.8631286621094,302.8631286621094,0.0,0.001,True
binh_dinh_grid_016,2t,174,300.2691345214844,300.2691345214844,0.0,0.001,True
binh_dinh_grid_010,sp,174,99664.4609375,99664.4453125,0.015625,0.2,True
binh_dinh_grid_011,sp,174,99571.7109375,99571.6953125,0.015625,0.2,True
binh_dinh_grid_013,sp,174,97495.5859375,97495.5703125,0.015625,0.2,True
binh_dinh_grid_014,sp,174,99724.5234375,99724.5703125,0.046875,0.2,True
binh_dinh_grid_016,sp,174,97283.3359375,97283.3203125,0.015625,0.2,True
binh_dinh_grid_010,tcc,174,100.0,100.0,0.0,0.005,True
binh_dinh_grid_011,tcc,174,100.0,100.0,0.0,0.005,True
binh_dinh_grid_013,tcc,174,99.9901008605957,99.9901008605957,0.0,0.005,True
binh_dinh_grid_014,tcc,174,99.92251205444336,99.92251205444336,0.0,0.005,True
binh_dinh_grid_016,tcc,174,99.94659042358398,99.94659042358398,0.0,0.005,True
binh_dinh_grid_010,ssr,174,99179000.0,99179000.0,0.0,2048.0,True
binh_dinh_grid_011,ssr,174,126730744.0,126730744.0,0.0,2048.0,True
binh_dinh_grid_013,ssr,174,103493112.0,103493112.0,0.0,2048.0,True
binh_dinh_grid_014,ssr,174,134447608.0,134447608.0,0.0,2048.0,True
binh_dinh_grid_016,ssr,174,110510584.0,110510584.0,0.0,2048.0,True
binh_dinh_grid_010,tp,174,9.992185592651367,9.992186069488525,4.76837158203125e-07,0.0001,True
binh_dinh_grid_011,tp,174,6.363351821899414,6.363352298736572,4.76837158203125e-07,0.0001,True
binh_dinh_grid_013,tp,174,17.028810501098633,17.02881097793579,4.76837158203125e-07,0.0001,True
binh_dinh_grid_014,tp,174,9.006324768066406,9.006323337554932,1.430511474609375e-06,0.0001,True
binh_dinh_grid_016,tp,174,15.938727378845215,15.938726902008057,4.76837158203125e-07,0.0001,True
binh_dinh_grid_010,10u,180,5.241388320922852,5.2413730807602406,1.524016261100769e-05,0.001,True
binh_dinh_grid_011,10u,180,5.223199844360352,5.2231846041977406,1.524016261100769e-05,0.001,True
binh_dinh_grid_013,10u,180,6.216180801391602,6.2161045260727406,7.627531886100769e-05,0.001,True
binh_dinh_grid_014,10u,180,5.265192031860352,5.2651767916977406,1.524016261100769e-05,0.001,True
binh_dinh_grid_016,10u,180,5.061639785766602,5.0616855807602406,4.579499363899231e-05,0.001,True
binh_dinh_grid_010,10v,180,2.0776021480560303,2.077612817287445,1.0669231414794922e-05,0.001,True
binh_dinh_grid_011,10v,180,2.5007588863372803,2.500708520412445,5.036592483520508e-05,0.001,True
binh_dinh_grid_013,10v,180,2.7795674800872803,2.779639184474945,7.170438766479492e-05,0.001,True
binh_dinh_grid_014,10v,180,1.0099751949310303,1.009985864162445,1.0669231414794922e-05,0.001,True
binh_dinh_grid_016,10v,180,1.3338277339935303,1.333838403224945,1.0669231414794922e-05,0.001,True
binh_dinh_grid_010,2d,180,296.3556213378906,296.3555908203125,3.0517578125e-05,0.001,True
binh_dinh_grid_011,2d,180,296.8986511230469,296.898681640625,3.0517578125e-05,0.001,True
binh_dinh_grid_013,2d,180,295.5658874511719,295.56591796875,3.0517578125e-05,0.001,True
binh_dinh_grid_014,2d,180,296.3014221191406,296.3013916015625,3.0517578125e-05,0.001,True
binh_dinh_grid_016,2d,180,296.0039367675781,296.00390625,3.0517578125e-05,0.001,True
binh_dinh_grid_010,2t,180,300.0036926269531,300.0037536621094,6.103515625e-05,0.001,True
binh_dinh_grid_011,2t,180,299.9837951660156,299.9837341308594,6.103515625e-05,0.001,True
binh_dinh_grid_013,2t,180,298.6443176269531,298.6442565917969,6.103515625e-05,0.001,True
binh_dinh_grid_014,2t,180,300.6665344238281,300.6664733886719,6.103515625e-05,0.001,True
binh_dinh_grid_016,2t,180,297.6401672363281,297.6402282714844,6.103515625e-05,0.001,True
binh_dinh_grid_010,sp,180,99757.0703125,99757.0390625,0.03125,0.2,True
binh_dinh_grid_011,sp,180,99699.4453125,99699.4140625,0.03125,0.2,True
binh_dinh_grid_013,sp,180,97566.5078125,97566.5390625,0.03125,0.2,True
binh_dinh_grid_014,sp,180,99816.4453125,99816.4140625,0.03125,0.2,True
binh_dinh_grid_016,sp,180,97387.1328125,97387.1640625,0.03125,0.2,True
binh_dinh_grid_010,tcc,180,99.9983139038086,99.9983139038086,0.0,0.005,True
binh_dinh_grid_011,tcc,180,99.99736022949219,99.99736022949219,0.0,0.005,True
binh_dinh_grid_013,tcc,180,99.99093627929688,99.99093627929688,0.0,0.005,True
binh_dinh_grid_014,tcc,180,99.53239440917969,99.53239440917969,0.0,0.005,True
binh_dinh_grid_016,tcc,180,99.99694061279297,99.99694061279297,0.0,0.005,True
binh_dinh_grid_010,ssr,180,100646760.0,100646760.0,0.0,2048.0,True
binh_dinh_grid_011,ssr,180,128780136.0,128780136.0,0.0,2048.0,True
binh_dinh_grid_013,ssr,180,104985448.0,104985448.0,0.0,2048.0,True
binh_dinh_grid_014,ssr,180,136503144.0,136503144.0,0.0,2048.0,True
binh_dinh_grid_016,ssr,180,112801640.0,112801640.0,0.0,2048.0,True
binh_dinh_grid_010,tp,180,11.966098308563232,11.966097831726074,4.76837158203125e-07,0.0001,True
binh_dinh_grid_011,tp,180,9.800729274749756,9.80073070526123,1.430511474609375e-06,0.0001,True
binh_dinh_grid_013,tp,180,19.602914333343506,19.60291576385498,1.430511474609375e-06,0.0001,True
binh_dinh_grid_014,tp,180,10.374648571014404,10.374648094177246,4.76837158203125e-07,0.0001,True
binh_dinh_grid_016,tp,180,19.425842761993408,19.425841331481934,1.430511474609375e-06,0.0001,True
binh_dinh_grid_010,10u,186,6.729504108428955,6.729551315307617,4.7206878662109375e-05,0.001,True
binh_dinh_grid_011,10u,186,6.253246784210205,6.253232955932617,1.3828277587890625e-05,0.001,True
binh_dinh_grid_013,10u,186,7.248669147491455,7.248594284057617,7.486343383789062e-05,0.001,True
binh_dinh_grid_014,10u,186,7.677990436553955,7.678037643432617,4.7206878662109375e-05,0.001,True
binh_dinh_grid_016,10u,186,5.352245807647705,5.352354049682617,0.00010824203491210938,0.001,True
binh_dinh_grid_010,10v,186,2.16184401512146,2.1618335247039795,1.049041748046875e-05,0.001,True
binh_dinh_grid_011,10v,186,3.28843092918396,3.2884204387664795,1.049041748046875e-05,0.001,True
binh_dinh_grid_013,10v,186,3.85514235496521,3.8550708293914795,7.152557373046875e-05,0.001,True
binh_dinh_grid_014,10v,186,2.59470534324646,2.5946948528289795,1.049041748046875e-05,0.001,True
binh_dinh_grid_016,10v,186,2.05808424949646,2.0580737590789795,1.049041748046875e-05,0.001,True
binh_dinh_grid_010,2d,186,296.7051696777344,296.7051086425781,6.103515625e-05,0.001,True
binh_dinh_grid_011,2d,186,297.2508850097656,297.2508850097656,0.0,0.001,True
binh_dinh_grid_013,2d,186,295.8771057128906,295.8771057128906,0.0,0.001,True
binh_dinh_grid_014,2d,186,296.7645568847656,296.7645568847656,0.0,0.001,True
binh_dinh_grid_016,2d,186,295.8259582519531,295.8259582519531,0.0,0.001,True
binh_dinh_grid_010,2t,186,298.62139892578125,298.6213073730469,9.1552734375e-05,0.001,True
binh_dinh_grid_011,2t,186,299.12359619140625,299.1236267089844,3.0517578125e-05,0.001,True
binh_dinh_grid_013,2t,186,297.43206787109375,297.4320983886719,3.0517578125e-05,0.001,True
binh_dinh_grid_014,2t,186,299.40521240234375,299.4051208496094,9.1552734375e-05,0.001,True
binh_dinh_grid_016,2t,186,297.30035400390625,297.3003845214844,3.0517578125e-05,0.001,True
binh_dinh_grid_010,sp,186,99614.8515625,99614.8203125,0.03125,0.2,True
binh_dinh_grid_011,sp,186,99530.2890625,99530.3203125,0.03125,0.2,True
binh_dinh_grid_013,sp,186,97422.4140625,97422.4453125,0.03125,0.2,True
binh_dinh_grid_014,sp,186,99670.1640625,99670.1953125,0.03125,0.2,True
binh_dinh_grid_016,sp,186,97313.0390625,97313.0703125,0.03125,0.2,True
binh_dinh_grid_010,tcc,186,100.0,100.0,0.0,0.005,True
binh_dinh_grid_011,tcc,186,100.0,100.0,0.0,0.005,True
binh_dinh_grid_013,tcc,186,99.99893379211426,99.99893379211426,0.0,0.005,True
binh_dinh_grid_014,tcc,186,99.9990406036377,99.9990406036377,0.0,0.005,True
binh_dinh_grid_016,tcc,186,99.96310043334961,99.96310043334961,0.0,0.005,True
binh_dinh_grid_010,ssr,186,100646760.0,100646760.0,0.0,2048.0,True
binh_dinh_grid_011,ssr,186,128780136.0,128780136.0,0.0,2048.0,True
binh_dinh_grid_013,ssr,186,104985448.0,104985448.0,0.0,2048.0,True
binh_dinh_grid_014,ssr,186,136503144.0,136503144.0,0.0,2048.0,True
binh_dinh_grid_016,ssr,186,112801640.0,112801640.0,0.0,2048.0,True
binh_dinh_grid_010,tp,186,20.665472984313965,20.66547679901123,3.814697265625e-06,0.0001,True
binh_dinh_grid_011,tp,186,17.428643226623535,17.428645133972168,1.9073486328125e-06,0.0001,True
binh_dinh_grid_013,tp,186,23.515180587768555,23.515177726745605,2.86102294921875e-06,0.0001,True
binh_dinh_grid_014,tp,186,16.358659744262695,16.35866069793701,9.5367431640625e-07,0.0001,True
binh_dinh_grid_016,tp,186,23.793851852416992,23.793848991394043,2.86102294921875e-06,0.0001,True
binh_dinh_grid_010,10u,192,8.27213740348816,8.272120833396912,1.6570091247558594e-05,0.001,True
binh_dinh_grid_011,10u,192,4.615643262863159,4.615626692771912,1.6570091247558594e-05,0.001,True
binh_dinh_grid_013,10u,192,7.496624708175659,7.496608138084412,1.6570091247558594e-05,0.001,True
binh_dinh_grid_014,10u,192,4.919598340988159,4.919581770896912,1.6570091247558594e-05,0.001,True
binh_dinh_grid_016,10u,192,7.881756544113159,7.881739974021912,1.6570091247558594e-05,0.001,True
binh_dinh_grid_010,10v,192,2.0537235736846924,2.0537467300891876,2.3156404495239258e-05,0.001,True
binh_dinh_grid_011,10v,192,2.3433353900909424,2.3432975113391876,3.787875175476074e-05,0.001,True
binh_dinh_grid_013,10v,192,3.0305302143096924,3.0305533707141876,2.3156404495239258e-05,0.001,True
binh_dinh_grid_014,10v,192,1.3360722064971924,1.3360953629016876,2.3156404495239258e-05,0.001,True
binh_dinh_grid_016,10v,192,2.8670170307159424,2.8669791519641876,3.787875175476074e-05,0.001,True
binh_dinh_grid_010,2d,192,295.81585693359375,295.8158874511719,3.0517578125e-05,0.001,True
binh_dinh_grid_011,2d,192,296.4534606933594,296.4534606933594,0.0,0.001,True
binh_dinh_grid_013,2d,192,295.8375244140625,295.8374938964844,3.0517578125e-05,0.001,True
binh_dinh_grid_014,2d,192,296.30718994140625,296.3072204589844,3.0517578125e-05,0.001,True
binh_dinh_grid_016,2d,192,295.729248046875,295.7292175292969,3.0517578125e-05,0.001,True
binh_dinh_grid_010,2t,192,300.8096008300781,300.8097229003906,0.0001220703125,0.001,True
binh_dinh_grid_011,2t,192,301.1734924316406,301.1734924316406,0.0,0.001,True
binh_dinh_grid_013,2t,192,297.8387756347656,297.8387756347656,0.0,0.001,True
binh_dinh_grid_014,2t,192,300.7541809082031,300.7540588378906,0.0001220703125,0.001,True
binh_dinh_grid_016,2t,192,297.2495422363281,297.2496643066406,0.0001220703125,0.001,True
binh_dinh_grid_010,sp,192,99471.1953125,99471.140625,0.0546875,0.2,True
binh_dinh_grid_011,sp,192,99530.1953125,99530.265625,0.0703125,0.2,True
binh_dinh_grid_013,sp,192,97294.7578125,97294.765625,0.0078125,0.2,True
binh_dinh_grid_014,sp,192,99662.2578125,99662.265625,0.0078125,0.2,True
binh_dinh_grid_016,sp,192,97161.8828125,97161.890625,0.0078125,0.2,True
binh_dinh_grid_010,tcc,192,97.29224395751953,97.29220581054688,3.814697265625e-05,0.005,True
binh_dinh_grid_011,tcc,192,85.51782989501953,85.51779174804688,3.814697265625e-05,0.005,True
binh_dinh_grid_013,tcc,192,99.98755645751953,99.98751831054688,3.814697265625e-05,0.005,True
binh_dinh_grid_014,tcc,192,99.59888458251953,99.59884643554688,3.814697265625e-05,0.005,True
binh_dinh_grid_016,tcc,192,99.99829864501953,99.99826049804688,3.814697265625e-05,0.005,True
binh_dinh_grid_010,ssr,192,100871320.0,100871320.0,0.0,2048.0,True
binh_dinh_grid_011,ssr,192,129135768.0,129135768.0,0.0,2048.0,True
binh_dinh_grid_013,ssr,192,105079960.0,105079960.0,0.0,2048.0,True
binh_dinh_grid_014,ssr,192,136661144.0,136661144.0,0.0,2048.0,True
binh_dinh_grid_016,ssr,192,112902296.0,112902296.0,0.0,2048.0,True
binh_dinh_grid_010,tp,192,21.327218055725098,21.32721996307373,1.9073486328125e-06,0.0001,True
binh_dinh_grid_011,tp,192,17.685120582580566,17.6851224899292,1.9073486328125e-06,0.0001,True
binh_dinh_grid_013,tp,192,27.54855251312256,27.548548698425293,3.814697265625e-06,0.0001,True
binh_dinh_grid_014,tp,192,17.531668663024902,17.531672477722168,3.814697265625e-06,0.0001,True
binh_dinh_grid_016,tp,192,31.10530185699463,31.10530376434326,1.9073486328125e-06,0.0001,True
binh_dinh_grid_010,10u,198,5.564232349395752,5.564193487167358,3.886222839355469e-05,0.001,True
binh_dinh_grid_011,10u,198,7.217674732208252,7.217757940292358,8.320808410644531e-05,0.001,True
binh_dinh_grid_013,10u,198,5.818626880645752,5.818588018417358,3.886222839355469e-05,0.001,True
binh_dinh_grid_014,10u,198,10.164452075958252,10.164535284042358,8.320808410644531e-05,0.001,True
binh_dinh_grid_016,10u,198,6.002830982208252,6.002914190292358,8.320808410644531e-05,0.001,True
binh_dinh_grid_010,10v,198,3.4742442667484283,3.4742442667484283,0.0,0.001,True
binh_dinh_grid_011,10v,198,2.2591563761234283,2.2591563761234283,0.0,0.001,True
binh_dinh_grid_013,10v,198,2.7196666300296783,2.7196055948734283,6.103515625e-05,0.001,True
binh_dinh_grid_014,10v,198,1.4620372354984283,1.4620372354984283,0.0,0.001,True
binh_dinh_grid_016,10v,198,0.34204211831092834,0.34204211831092834,0.0,0.001,True
binh_dinh_grid_010,2d,198,296.5801086425781,296.580078125,3.0517578125e-05,0.001,True
binh_dinh_grid_011,2d,198,297.6485290527344,297.6485595703125,3.0517578125e-05,0.001,True
binh_dinh_grid_013,2d,198,295.9760437011719,295.97607421875,3.0517578125e-05,0.001,True
binh_dinh_grid_014,2d,198,296.0926818847656,296.0926513671875,3.0517578125e-05,0.001,True
binh_dinh_grid_016,2d,198,295.7594299316406,295.7593994140625,3.0517578125e-05,0.001,True
binh_dinh_grid_010,2t,198,302.5033264160156,302.5032958984375,3.0517578125e-05,0.001,True
binh_dinh_grid_011,2t,198,301.9982604980469,301.9981689453125,9.1552734375e-05,0.001,True
binh_dinh_grid_013,2t,198,299.8027648925781,299.8028564453125,9.1552734375e-05,0.001,True
binh_dinh_grid_014,2t,198,302.3548889160156,302.3548583984375,3.0517578125e-05,0.001,True
binh_dinh_grid_016,2t,198,299.3514099121094,299.3514404296875,3.0517578125e-05,0.001,True
binh_dinh_grid_010,sp,198,99536.5625,99536.578125,0.015625,0.2,True
binh_dinh_grid_011,sp,198,99407.5,99407.453125,0.046875,0.2,True
binh_dinh_grid_013,sp,198,97405.8125,97405.828125,0.015625,0.2,True
binh_dinh_grid_014,sp,198,99508.8125,99508.828125,0.015625,0.2,True
binh_dinh_grid_016,sp,198,97218.125,97218.078125,0.046875,0.2,True
binh_dinh_grid_010,tcc,198,99.99554443359375,99.99559020996094,4.57763671875e-05,0.005,True
binh_dinh_grid_011,tcc,198,99.98202514648438,99.98204040527344,1.52587890625e-05,0.005,True
binh_dinh_grid_013,tcc,198,99.96499633789062,99.96495056152344,4.57763671875e-05,0.005,True
binh_dinh_grid_014,tcc,198,99.72848510742188,99.72850036621094,1.52587890625e-05,0.005,True
binh_dinh_grid_016,tcc,198,99.93057250976562,99.93052673339844,4.57763671875e-05,0.005,True
binh_dinh_grid_010,ssr,198,105634472.0,105634472.0,0.0,2048.0,True
binh_dinh_grid_011,ssr,198,138553000.0,138553000.0,0.0,2048.0,True
binh_dinh_grid_013,ssr,198,109168296.0,109168296.0,0.0,2048.0,True
binh_dinh_grid_014,ssr,198,142965416.0,142965416.0,0.0,2048.0,True
binh_dinh_grid_016,ssr,198,116000424.0,116000424.0,0.0,2048.0,True
binh_dinh_grid_010,tp,198,22.913002014160156,22.913004875183105,2.86102294921875e-06,0.0001,True
binh_dinh_grid_011,tp,198,20.290931701660156,20.290934562683105,2.86102294921875e-06,0.0001,True
binh_dinh_grid_013,tp,198,29.29859161376953,29.29859447479248,2.86102294921875e-06,0.0001,True
binh_dinh_grid_014,tp,198,18.062833786010742,18.062830924987793,2.86102294921875e-06,0.0001,True
binh_dinh_grid_016,tp,198,33.02979850769043,33.02979564666748,2.86102294921875e-06,0.0001,True
binh_dinh_grid_010,10u,204,3.865278482437134,3.865323781967163,4.5299530029296875e-05,0.001,True
binh_dinh_grid_011,10u,204,6.127302408218384,6.127286672592163,1.5735626220703125e-05,0.001,True
binh_dinh_grid_013,10u,204,5.796064615249634,5.796109914779663,4.5299530029296875e-05,0.001,True
binh_dinh_grid_014,10u,204,5.102155923843384,5.102140188217163,1.5735626220703125e-05,0.001,True
binh_dinh_grid_016,10u,204,5.115827798843384,5.115812063217163,1.5735626220703125e-05,0.001,True
binh_dinh_grid_010,10v,204,2.360615611076355,2.3605849742889404,3.063678741455078e-05,0.001,True
binh_dinh_grid_011,10v,204,2.894551157951355,2.8945205211639404,3.063678741455078e-05,0.001,True
binh_dinh_grid_013,10v,204,3.033650279045105,3.0336806774139404,3.039836883544922e-05,0.001,True
binh_dinh_grid_014,10v,204,1.444599986076355,1.4445693492889404,3.063678741455078e-05,0.001,True
binh_dinh_grid_016,10v,204,1.748310923576355,1.7482802867889404,3.063678741455078e-05,0.001,True
binh_dinh_grid_010,2d,204,297.1330871582031,297.13311767578125,3.0517578125e-05,0.001,True
binh_dinh_grid_011,2d,204,297.09051513671875,297.09051513671875,0.0,0.001,True
binh_dinh_grid_013,2d,204,296.102783203125,296.10284423828125,6.103515625e-05,0.001,True
binh_dinh_grid_014,2d,204,297.07989501953125,297.07989501953125,0.0,0.001,True
binh_dinh_grid_016,2d,204,296.30487060546875,296.30487060546875,0.0,0.001,True
binh_dinh_grid_010,2t,204,300.0202941894531,300.0203857421875,9.1552734375e-05,0.001,True
binh_dinh_grid_011,2t,204,301.0045471191406,301.0045166015625,3.0517578125e-05,0.001,True
binh_dinh_grid_013,2t,204,298.1322326660156,298.1322021484375,3.0517578125e-05,0.001,True
binh_dinh_grid_014,2t,204,300.4833068847656,300.4832763671875,3.0517578125e-05,0.001,True
binh_dinh_grid_016,2t,204,297.5343322753906,297.5343017578125,3.0517578125e-05,0.001,True
binh_dinh_grid_010,sp,204,99659.2265625,99659.2578125,0.03125,0.2,True
binh_dinh_grid_011,sp,204,99580.9765625,99581.0078125,0.03125,0.2,True
binh_dinh_grid_013,sp,204,97470.7265625,97470.7578125,0.03125,0.2,True
binh_dinh_grid_014,sp,204,99740.1015625,99740.1328125,0.03125,0.2,True
binh_dinh_grid_016,sp,204,97288.9765625,97289.0078125,0.03125,0.2,True
binh_dinh_grid_010,tcc,204,99.99999237060547,99.99964904785156,0.00034332275390625,0.005,True
binh_dinh_grid_011,tcc,204,99.99999237060547,99.99964904785156,0.00034332275390625,0.005,True
binh_dinh_grid_013,tcc,204,99.99999237060547,99.99964904785156,0.00034332275390625,0.005,True
binh_dinh_grid_014,tcc,204,99.99999237060547,99.99964904785156,0.00034332275390625,0.005,True
binh_dinh_grid_016,tcc,204,99.99999237060547,99.99964904785156,0.00034332275390625,0.005,True
binh_dinh_grid_010,ssr,204,107650720.0,107650720.0,0.0,2048.0,True
binh_dinh_grid_011,ssr,204,141333152.0,141333152.0,0.0,2048.0,True
binh_dinh_grid_013,ssr,204,111213216.0,111213216.0,0.0,2048.0,True
binh_dinh_grid_014,ssr,204,144484000.0,144484000.0,0.0,2048.0,True
binh_dinh_grid_016,ssr,204,118327968.0,118327968.0,0.0,2048.0,True
binh_dinh_grid_010,tp,204,24.32583522796631,24.325831413269043,3.814697265625e-06,0.0001,True
binh_dinh_grid_011,tp,204,22.395997047424316,22.39599895477295,1.9073486328125e-06,0.0001,True
binh_dinh_grid_013,tp,204,31.17233371734619,31.172335624694824,1.9073486328125e-06,0.0001,True
binh_dinh_grid_014,tp,204,19.29158878326416,19.291590690612793,1.9073486328125e-06,0.0001,True
binh_dinh_grid_016,tp,204,39.07535648345947,39.075358390808105,1.9073486328125e-06,0.0001,True
binh_dinh_grid_010,10u,210,9.249234199523926,9.249091506004333,0.00014269351959228516,0.001,True
binh_dinh_grid_011,10u,210,6.124478340148926,6.1245797872543335,0.00010144710540771484,0.001,True
binh_dinh_grid_013,10u,210,6.749478340148926,6.7495797872543335,0.00010144710540771484,0.001,True
binh_dinh_grid_014,10u,210,7.597500801086426,7.5974801778793335,2.0623207092285156e-05,0.001,True
binh_dinh_grid_016,10u,210,6.408169746398926,6.4082711935043335,0.00010144710540771484,0.001,True
binh_dinh_grid_010,10v,210,1.8461236953735352,1.8461130261421204,1.0669231414794922e-05,0.001,True
binh_dinh_grid_011,10v,210,2.609612464904785,2.6096628308296204,5.036592483520508e-05,0.001,True
binh_dinh_grid_013,10v,210,2.882134437561035,2.8821237683296204,1.0669231414794922e-05,0.001,True
binh_dinh_grid_014,10v,210,2.226922035217285,2.2269724011421204,5.036592483520508e-05,0.001,True
binh_dinh_grid_016,10v,210,2.539483070373535,2.5394724011421204,1.0669231414794922e-05,0.001,True
binh_dinh_grid_010,2d,210,296.3042297363281,296.3042297363281,0.0,0.001,True
binh_dinh_grid_011,2d,210,296.649658203125,296.6496887207031,3.0517578125e-05,0.001,True
binh_dinh_grid_013,2d,210,295.92578125,295.9257507324219,3.0517578125e-05,0.001,True
binh_dinh_grid_014,2d,210,296.35369873046875,296.3537292480469,3.0517578125e-05,0.001,True
binh_dinh_grid_016,2d,210,295.57293701171875,295.5729064941406,3.0517578125e-05,0.001,True
binh_dinh_grid_010,2t,210,300.4590148925781,300.45904541015625,3.0517578125e-05,0.001,True
binh_dinh_grid_011,2t,210,300.7860412597656,300.78594970703125,9.1552734375e-05,0.001,True
binh_dinh_grid_013,2t,210,298.9404602050781,298.94049072265625,3.0517578125e-05,0.001,True
binh_dinh_grid_014,2t,210,301.2652893066406,301.26519775390625,9.1552734375e-05,0.001,True
binh_dinh_grid_016,2t,210,298.7311096191406,298.73101806640625,9.1552734375e-05,0.001,True
binh_dinh_grid_010,sp,210,99448.6484375,99448.6640625,0.015625,0.2,True
binh_dinh_grid_011,sp,210,99424.2734375,99424.2890625,0.015625,0.2,True
binh_dinh_grid_013,sp,210,97278.1484375,97278.1640625,0.015625,0.2,True
binh_dinh_grid_014,sp,210,99558.4609375,99558.5390625,0.078125,0.2,True
binh_dinh_grid_016,sp,210,97139.8984375,97139.9140625,0.015625,0.2,True
binh_dinh_grid_010,tcc,210,84.58047103881836,84.58052062988281,4.9591064453125e-05,0.005,True
binh_dinh_grid_011,tcc,210,75.50918197631836,75.50923156738281,4.9591064453125e-05,0.005,True
binh_dinh_grid_013,tcc,210,99.97695541381836,99.97700500488281,4.9591064453125e-05,0.005,True
binh_dinh_grid_014,tcc,210,94.20742416381836,94.20747375488281,4.9591064453125e-05,0.005,True
binh_dinh_grid_016,tcc,210,100.00039291381836,100.00044250488281,4.9591064453125e-05,0.005,True
binh_dinh_grid_010,ssr,210,107650720.0,107650720.0,0.0,2048.0,True
binh_dinh_grid_011,ssr,210,141333152.0,141333152.0,0.0,2048.0,True
binh_dinh_grid_013,ssr,210,111213216.0,111213216.0,0.0,2048.0,True
binh_dinh_grid_014,ssr,210,144484000.0,144484000.0,0.0,2048.0,True
binh_dinh_grid_016,ssr,210,118327968.0,118327968.0,0.0,2048.0,True
binh_dinh_grid_010,tp,210,25.35775852203369,25.357760429382324,1.9073486328125e-06,0.0001,True
binh_dinh_grid_011,tp,210,22.96199131011963,22.96199321746826,1.9073486328125e-06,0.0001,True
binh_dinh_grid_013,tp,210,32.4304723739624,32.43047618865967,3.814697265625e-06,0.0001,True
binh_dinh_grid_014,tp,210,20.52451992034912,20.524516105651855,3.814697265625e-06,0.0001,True
binh_dinh_grid_016,tp,210,40.670424461364746,40.67042827606201,3.814697265625e-06,0.0001,True
binh_dinh_grid_010,10u,216,8.518758058547974,8.518825381994247,6.732344627380371e-05,0.001,True
binh_dinh_grid_011,10u,216,4.812337160110474,4.812282413244247,5.474686622619629e-05,0.001,True
binh_dinh_grid_013,10u,216,7.300618410110474,7.300563663244247,5.474686622619629e-05,0.001,True
binh_dinh_grid_014,10u,216,5.057332277297974,5.057399600744247,6.732344627380371e-05,0.001,True
binh_dinh_grid_016,10u,216,7.748128175735474,7.748073428869247,5.474686622619629e-05,0.001,True
binh_dinh_grid_010,10v,216,2.3404977321624756,2.3405039310455322,6.198883056640625e-06,0.001,True
binh_dinh_grid_011,10v,216,2.4875924587249756,2.4875986576080322,6.198883056640625e-06,0.001,True
binh_dinh_grid_013,10v,216,2.1897408962249756,2.1897470951080322,6.198883056640625e-06,0.001,True
binh_dinh_grid_014,10v,216,1.9457833766937256,1.9457285404205322,5.4836273193359375e-05,0.001,True
binh_dinh_grid_016,10v,216,2.5380685329437256,2.5380136966705322,5.4836273193359375e-05,0.001,True
binh_dinh_grid_010,2d,216,296.0024108886719,296.00244140625,3.0517578125e-05,0.001,True
binh_dinh_grid_011,2d,216,296.5299987792969,296.52996826171875,3.0517578125e-05,0.001,True
binh_dinh_grid_013,2d,216,295.3215637207031,295.32159423828125,3.0517578125e-05,0.001,True
binh_dinh_grid_014,2d,216,296.0599060058594,296.05987548828125,3.0517578125e-05,0.001,True
binh_dinh_grid_016,2d,216,295.0224304199219,295.0224609375,3.0517578125e-05,0.001,True
binh_dinh_grid_010,2t,216,301.27545166015625,301.275390625,6.103515625e-05,0.001,True
binh_dinh_grid_011,2t,216,301.40093994140625,301.40087890625,6.103515625e-05,0.001,True
binh_dinh_grid_013,2t,216,299.2696533203125,299.26953125,0.0001220703125,0.001,True
binh_dinh_grid_014,2t,216,301.69610595703125,301.696044921875,6.103515625e-05,0.001,True
binh_dinh_grid_016,2t,216,298.9295654296875,298.9296875,0.0001220703125,0.001,True
binh_dinh_grid_010,sp,216,99438.5234375,99438.5078125,0.015625,0.2,True
binh_dinh_grid_011,sp,216,99457.2734375,99457.2578125,0.015625,0.2,True
binh_dinh_grid_013,sp,216,97254.7734375,97254.7578125,0.015625,0.2,True
binh_dinh_grid_014,sp,216,99613.7734375,99613.7578125,0.015625,0.2,True
binh_dinh_grid_016,sp,216,97064.3984375,97064.3828125,0.015625,0.2,True
binh_dinh_grid_010,tcc,216,99.91901397705078,99.91902923583984,1.52587890625e-05,0.005,True
binh_dinh_grid_011,tcc,216,99.51473236083984,99.51473236083984,0.0,0.005,True
binh_dinh_grid_013,tcc,216,99.98634338378906,99.98628997802734,5.340576171875e-05,0.005,True
binh_dinh_grid_014,tcc,216,99.67218780517578,99.67220306396484,1.52587890625e-05,0.005,True
binh_dinh_grid_016,tcc,216,100.0,99.99996185302734,3.814697265625e-05,0.005,True
binh_dinh_grid_010,ssr,216,107893072.0,107893072.0,0.0,2048.0,True
binh_dinh_grid_011,ssr,216,141711696.0,141711696.0,0.0,2048.0,True
binh_dinh_grid_013,ssr,216,111359312.0,111359312.0,0.0,2048.0,True
binh_dinh_grid_014,ssr,216,144701776.0,144701776.0,0.0,2048.0,True
binh_dinh_grid_016,ssr,216,118414672.0,118414672.0,0.0,2048.0,True
binh_dinh_grid_010,tp,216,25.414114952087402,25.414118766784668,3.814697265625e-06,0.0001,True
binh_dinh_grid_011,tp,216,23.011378288269043,23.011378288269043,0.0,0.0001,True
binh_dinh_grid_013,tp,216,32.808106422424316,32.80810832977295,1.9073486328125e-06,0.0001,True
binh_dinh_grid_014,tp,216,20.53096103668213,20.53096294403076,1.9073486328125e-06,0.0001,True
binh_dinh_grid_016,tp,216,40.90525531768799,40.905253410339355,1.9073486328125e-06,0.0001,True
binh_dinh_grid_010,10u,222,4.002578616142273,4.002689599990845,0.00011098384857177734,0.001,True
binh_dinh_grid_011,10u,222,3.712539553642273,3.7124063968658447,0.00013315677642822266,0.001,True
binh_dinh_grid_013,10u,222,2.626968264579773,2.6269571781158447,1.1086463928222656e-05,0.001,True
binh_dinh_grid_014,10u,222,2.289199709892273,2.2890665531158447,0.00013315677642822266,0.001,True
binh_dinh_grid_016,10u,222,2.482559084892273,2.4826700687408447,0.00011098384857177734,0.001,True
binh_dinh_grid_010,10v,222,1.4143693447113037,1.414407730102539,3.838539123535156e-05,0.001,True
binh_dinh_grid_011,10v,222,2.7047746181488037,2.704813003540039,3.838539123535156e-05,0.001,True
binh_dinh_grid_013,10v,222,1.7061173915863037,1.706033706665039,8.368492126464844e-05,0.001,True
binh_dinh_grid_014,10v,222,2.4788224697113037,2.478860855102539,3.838539123535156e-05,0.001,True
binh_dinh_grid_016,10v,222,2.1726701259613037,2.172708511352539,3.838539123535156e-05,0.001,True
binh_dinh_grid_010,2d,222,296.6799011230469,296.6799011230469,0.0,0.001,True
binh_dinh_grid_011,2d,222,297.0296325683594,297.0296325683594,0.0,0.001,True
binh_dinh_grid_013,2d,222,295.9273986816406,295.9274597167969,6.103515625e-05,0.001,True
binh_dinh_grid_014,2d,222,296.6415100097656,296.6415710449219,6.103515625e-05,0.001,True
binh_dinh_grid_016,2d,222,296.1230163574219,296.1230163574219,0.0,0.001,True
binh_dinh_grid_010,2t,222,304.6884460449219,304.6884765625,3.0517578125e-05,0.001,True
binh_dinh_grid_011,2t,222,304.0756530761719,304.07568359375,3.0517578125e-05,0.001,True
binh_dinh_grid_013,2t,222,302.3054504394531,302.305419921875,3.0517578125e-05,0.001,True
binh_dinh_grid_014,2t,222,304.3578186035156,304.35791015625,9.1552734375e-05,0.001,True
binh_dinh_grid_016,2t,222,301.3528137207031,301.352783203125,3.0517578125e-05,0.001,True
binh_dinh_grid_010,sp,222,99525.6484375,99525.6015625,0.046875,0.2,True
binh_dinh_grid_011,sp,222,99486.2109375,99486.2265625,0.015625,0.2,True
binh_dinh_grid_013,sp,222,97322.5234375,97322.4765625,0.046875,0.2,True
binh_dinh_grid_014,sp,222,99623.2109375,99623.2265625,0.015625,0.2,True
binh_dinh_grid_016,sp,222,97135.9609375,97135.9765625,0.015625,0.2,True
binh_dinh_grid_010,tcc,222,99.78004455566406,99.77976608276367,0.000278472900390625,0.005,True
binh_dinh_grid_011,tcc,222,99.82740783691406,99.82761764526367,0.000209808349609375,0.005,True
binh_dinh_grid_013,tcc,222,98.38160705566406,98.38132858276367,0.000278472900390625,0.005,True
binh_dinh_grid_014,tcc,222,98.77662658691406,98.77683639526367,0.000209808349609375,0.005,True
binh_dinh_grid_016,tcc,222,99.99916076660156,99.99949264526367,0.000331878662109375,0.005,True
binh_dinh_grid_010,ssr,222,114846376.0,114846376.0,0.0,2048.0,True
binh_dinh_grid_011,ssr,222,151481000.0,151481000.0,0.0,2048.0,True
binh_dinh_grid_013,ssr,222,116075176.0,116075176.0,0.0,2048.0,True
binh_dinh_grid_014,ssr,222,151598760.0,151597736.0,1024.0,2048.0,True
binh_dinh_grid_016,ssr,222,122236584.0,122235560.0,1024.0,2048.0,True
binh_dinh_grid_010,tp,222,25.5271635055542,25.5271635055542,0.0,0.0001,True
binh_dinh_grid_011,tp,222,23.025132179260254,23.025134086608887,1.9073486328125e-06,0.0001,True
binh_dinh_grid_013,tp,222,33.013237953186035,33.01323986053467,1.9073486328125e-06,0.0001,True
binh_dinh_grid_014,tp,222,20.53096103668213,20.53096294403076,1.9073486328125e-06,0.0001,True
binh_dinh_grid_016,tp,222,41.274834632873535,41.27483654022217,1.9073486328125e-06,0.0001,True
binh_dinh_grid_010,10u,228,3.414044141769409,3.414061665534973,1.7523765563964844e-05,0.001,True
binh_dinh_grid_011,10u,228,4.781903028488159,4.781859517097473,4.3511390686035156e-05,0.001,True
binh_dinh_grid_013,10u,228,4.095379590988159,4.095458149909973,7.855892181396484e-05,0.001,True
binh_dinh_grid_014,10u,228,3.646893262863159,3.646849751472473,4.3511390686035156e-05,0.001,True
binh_dinh_grid_016,10u,228,3.308087110519409,3.308104634284973,1.7523765563964844e-05,0.001,True
binh_dinh_grid_010,10v,228,2.2299695014953613,2.2299729585647583,3.4570693969726562e-06,0.001,True
binh_dinh_grid_011,10v,228,2.9784436225891113,2.9785081148147583,6.449222564697266e-05,0.001,True
binh_dinh_grid_013,10v,228,2.5509533882141113,2.5510178804397583,6.449222564697266e-05,0.001,True
binh_dinh_grid_014,10v,228,1.7303357124328613,1.7303391695022583,3.4570693969726562e-06,0.001,True
binh_dinh_grid_016,10v,228,1.5107312202453613,1.5107346773147583,3.4570693969726562e-06,0.001,True
binh_dinh_grid_010,2d,228,296.16204833984375,296.1620788574219,3.0517578125e-05,0.001,True
binh_dinh_grid_011,2d,228,296.7724609375,296.7724304199219,3.0517578125e-05,0.001,True
binh_dinh_grid_013,2d,228,295.75494384765625,295.7549743652344,3.0517578125e-05,0.001,True
binh_dinh_grid_014,2d,228,296.848876953125,296.8488464355469,3.0517578125e-05,0.001,True
binh_dinh_grid_016,2d,228,295.86077880859375,295.8608093261719,3.0517578125e-05,0.001,True
binh_dinh_grid_010,2t,228,301.39111328125,301.3910217285156,9.1552734375e-05,0.001,True
binh_dinh_grid_011,2t,228,302.140625,302.1405334472656,9.1552734375e-05,0.001,True
binh_dinh_grid_013,2t,228,299.51373291015625,299.5138244628906,9.1552734375e-05,0.001,True
binh_dinh_grid_014,2t,228,301.93743896484375,301.9374084472656,3.0517578125e-05,0.001,True
binh_dinh_grid_016,2t,228,299.24993896484375,299.2499084472656,3.0517578125e-05,0.001,True
binh_dinh_grid_010,sp,228,99764.2734375,99764.2890625,0.015625,0.2,True
binh_dinh_grid_011,sp,228,99686.9609375,99686.9140625,0.046875,0.2,True
binh_dinh_grid_013,sp,228,97563.2734375,97563.2890625,0.015625,0.2,True
binh_dinh_grid_014,sp,228,99815.8984375,99815.9140625,0.015625,0.2,True
binh_dinh_grid_016,sp,228,97359.1484375,97359.1640625,0.015625,0.2,True
binh_dinh_grid_010,tcc,228,100.00006103515625,99.99958419799805,0.000476837158203125,0.005,True
binh_dinh_grid_011,tcc,228,100.00006103515625,99.99958419799805,0.000476837158203125,0.005,True
binh_dinh_grid_013,tcc,228,100.00006103515625,99.99958419799805,0.000476837158203125,0.005,True
binh_dinh_grid_014,tcc,228,100.00006103515625,99.99958419799805,0.000476837158203125,0.005,True
binh_dinh_grid_016,tcc,228,99.99468994140625,99.99470138549805,1.1444091796875e-05,0.005,True
binh_dinh_grid_010,ssr,228,118680216.0,118680216.0,0.0,2048.0,True
binh_dinh_grid_011,ssr,228,156246680.0,156246680.0,0.0,2048.0,True
binh_dinh_grid_013,ssr,228,119674520.0,119673496.0,1024.0,2048.0,True
binh_dinh_grid_014,ssr,228,156741272.0,156740248.0,1024.0,2048.0,True
binh_dinh_grid_016,ssr,228,124104344.0,124105368.0,1024.0,2048.0,True
binh_dinh_grid_010,tp,228,25.53004550933838,25.53004741668701,1.9073486328125e-06,0.0001,True
binh_dinh_grid_011,tp,228,23.025132179260254,23.025134086608887,1.9073486328125e-06,0.0001,True
binh_dinh_grid_013,tp,228,33.49923801422119,33.499239921569824,1.9073486328125e-06,0.0001,True
binh_dinh_grid_014,tp,228,20.82536220550537,20.825358390808105,3.814697265625e-06,0.0001,True
binh_dinh_grid_016,tp,228,41.766695976257324,41.766695976257324,0.0,0.0001,True
binh_dinh_grid_010,10u,234,6.374419689178467,6.374456658959389,3.6969780921936035e-05,0.001,True
binh_dinh_grid_011,10u,234,4.360808849334717,4.360784783959389,2.4065375328063965e-05,0.001,True
binh_dinh_grid_013,10u,234,4.972320079803467,4.972357049584389,3.6969780921936035e-05,0.001,True
binh_dinh_grid_014,10u,234,3.603911876678467,3.6039488464593887,3.6969780921936035e-05,0.001,True
binh_dinh_grid_016,10u,234,4.390105724334717,4.390081658959389,2.4065375328063965e-05,0.001,True
binh_dinh_grid_010,10v,234,2.467928647994995,2.467880219221115,4.842877388000488e-05,0.001,True
binh_dinh_grid_011,10v,234,3.836947202682495,3.837020844221115,7.364153861999512e-05,0.001,True
binh_dinh_grid_013,10v,234,2.269442319869995,2.269393891096115,4.842877388000488e-05,0.001,True
binh_dinh_grid_014,10v,234,2.387240171432495,2.387313812971115,7.364153861999512e-05,0.001,True
binh_dinh_grid_016,10v,234,2.635042905807495,2.635116547346115,7.364153861999512e-05,0.001,True
binh_dinh_grid_010,2d,234,295.35107421875,295.3511047363281,3.0517578125e-05,0.001,True
binh_dinh_grid_011,2d,234,296.017578125,296.0176086425781,3.0517578125e-05,0.001,True
binh_dinh_grid_013,2d,234,295.29888916015625,295.2988586425781,3.0517578125e-05,0.001,True
binh_dinh_grid_014,2d,234,295.9163818359375,295.9164123535156,3.0517578125e-05,0.001,True
binh_dinh_grid_016,2d,234,295.3485107421875,295.3485412597656,3.0517578125e-05,0.001,True
binh_dinh_grid_010,2t,234,300.72576904296875,300.7257385253906,3.0517578125e-05,0.001,True
binh_dinh_grid_011,2t,234,300.96337890625,300.9632873535156,9.1552734375e-05,0.001,True
binh_dinh_grid_013,2t,234,298.59552001953125,298.5956115722656,9.1552734375e-05,0.001,True
binh_dinh_grid_014,2t,234,301.173583984375,301.1734924316406,9.1552734375e-05,0.001,True
binh_dinh_grid_016,2t,234,298.364501953125,298.3644104003906,9.1552734375e-05,0.001,True
binh_dinh_grid_010,sp,234,99652.140625,99652.1328125,0.0078125,0.2,True
binh_dinh_grid_011,sp,234,99626.640625,99626.6328125,0.0078125,0.2,True
binh_dinh_grid_013,sp,234,97449.453125,97449.5078125,0.0546875,0.2,True
binh_dinh_grid_014,sp,234,99787.890625,99787.8828125,0.0078125,0.2,True
binh_dinh_grid_016,sp,234,97272.765625,97272.7578125,0.0078125,0.2,True
binh_dinh_grid_010,tcc,234,99.9190902709961,99.91935729980469,0.00026702880859375,0.005,True
binh_dinh_grid_011,tcc,234,99.6876449584961,99.68742370605469,0.00022125244140625,0.005,True
binh_dinh_grid_013,tcc,234,99.9898910522461,99.98966979980469,0.00022125244140625,0.005,True
binh_dinh_grid_014,tcc,234,99.8062973022461,99.80607604980469,0.00022125244140625,0.005,True
binh_dinh_grid_016,tcc,234,99.9981918334961,99.99797058105469,0.00022125244140625,0.005,True
binh_dinh_grid_010,ssr,234,118680216.0,118680216.0,0.0,2048.0,True
binh_dinh_grid_011,ssr,234,156246680.0,156246680.0,0.0,2048.0,True
binh_dinh_grid_013,ssr,234,119674520.0,119673496.0,1024.0,2048.0,True
binh_dinh_grid_014,ssr,234,156741272.0,156740248.0,1024.0,2048.0,True
binh_dinh_grid_016,ssr,234,124104344.0,124105368.0,1024.0,2048.0,True
binh_dinh_grid_010,tp,234,25.5576810836792,25.5576810836792,0.0,0.0001,True
binh_dinh_grid_011,tp,234,23.03600788116455,23.036005973815918,1.9073486328125e-06,0.0001,True
binh_dinh_grid_013,tp,234,34.084105491638184,34.08410167694092,3.814697265625e-06,0.0001,True
binh_dinh_grid_014,tp,234,21.016995429992676,21.016993522644043,1.9073486328125e-06,0.0001,True
binh_dinh_grid_016,tp,234,42.193055152893066,42.1930570602417,1.9073486328125e-06,0.0001,True
binh_dinh_grid_010,10u,240,4.553530216217041,4.55367542989552,0.00014521367847919464,0.001,True
binh_dinh_grid_011,10u,240,4.077517032623291,4.07760121114552,8.417852222919464e-05,0.001,True
binh_dinh_grid_013,10u,240,4.931459903717041,4.93136097677052,9.892694652080536e-05,0.001,True
binh_dinh_grid_014,10u,240,4.997011661529541,4.99703480489552,2.314336597919464e-05,0.001,True
binh_dinh_grid_016,10u,240,4.457460880279541,4.45748402364552,2.314336597919464e-05,0.001,True
binh_dinh_grid_010,10v,240,2.6085116863250732,2.608568474650383,5.678832530975342e-05,0.001,True
binh_dinh_grid_011,10v,240,2.5143954753875732,2.514452263712883,5.678832530975342e-05,0.001,True
binh_dinh_grid_013,10v,240,2.7794101238250732,2.779466912150383,5.678832530975342e-05,0.001,True
binh_dinh_grid_014,10v,240,1.9096591472625732,1.909715935587883,5.678832530975342e-05,0.001,True
binh_dinh_grid_016,10v,240,2.4680087566375732,2.467943474650383,6.528198719024658e-05,0.001,True
binh_dinh_grid_010,2d,240,295.9785461425781,295.97857666015625,3.0517578125e-05,0.001,True
binh_dinh_grid_011,2d,240,296.3326721191406,296.3326416015625,3.0517578125e-05,0.001,True
binh_dinh_grid_013,2d,240,295.3133239746094,295.31329345703125,3.0517578125e-05,0.001,True
binh_dinh_grid_014,2d,240,296.0083312988281,296.00836181640625,3.0517578125e-05,0.001,True
binh_dinh_grid_016,2d,240,295.1647033691406,295.16473388671875,3.0517578125e-05,0.001,True
binh_dinh_grid_010,2t,240,300.7784118652344,300.7783508300781,6.103515625e-05,0.001,True
binh_dinh_grid_011,2t,240,301.0082092285156,301.0080871582031,0.0001220703125,0.001,True
binh_dinh_grid_013,2t,240,299.0173034667969,299.0173645019531,6.103515625e-05,0.001,True
binh_dinh_grid_014,2t,240,301.5591735839844,301.5591125488281,6.103515625e-05,0.001,True
binh_dinh_grid_016,2t,240,298.9343566894531,298.9343566894531,0.0,0.001,True
binh_dinh_grid_010,sp,240,99717.2734375,99717.3203125,0.046875,0.2,True
binh_dinh_grid_011,sp,240,99717.1484375,99717.0703125,0.078125,0.2,True
binh_dinh_grid_013,sp,240,97544.3984375,97544.3203125,0.078125,0.2,True
binh_dinh_grid_014,sp,240,99830.0859375,99830.0703125,0.015625,0.2,True
binh_dinh_grid_016,sp,240,97350.7734375,97350.8203125,0.046875,0.2,True
binh_dinh_grid_010,tcc,240,99.99989318847656,100.0001220703125,0.0002288818359375,0.005,True
binh_dinh_grid_011,tcc,240,99.44325256347656,99.4432373046875,1.52587890625e-05,0.005,True
binh_dinh_grid_013,tcc,240,99.99989318847656,100.0001220703125,0.0002288818359375,0.005,True
binh_dinh_grid_014,tcc,240,99.99989318847656,100.0001220703125,0.0002288818359375,0.005,True
binh_dinh_grid_016,tcc,240,99.96864318847656,99.9683837890625,0.0002593994140625,0.005,True
binh_dinh_grid_010,ssr,240,118863136.0,118863136.0,0.0,2048.0,True
binh_dinh_grid_011,ssr,240,156454176.0,156454176.0,0.0,2048.0,True
binh_dinh_grid_013,ssr,240,119725344.0,119725344.0,0.0,2048.0,True
binh_dinh_grid_014,ssr,240,156883232.0,156882208.0,1024.0,2048.0,True
binh_dinh_grid_016,ssr,240,124172576.0,124171552.0,1024.0,2048.0,True
binh_dinh_grid_010,tp,240,25.5576810836792,25.5576810836792,0.0,0.0001,True
binh_dinh_grid_011,tp,240,23.03600788116455,23.036005973815918,1.9073486328125e-06,0.0001,True
binh_dinh_grid_013,tp,240,34.4180383682251,34.41804027557373,1.9073486328125e-06,0.0001,True
binh_dinh_grid_014,tp,240,21.040019035339355,21.040019035339355,0.0,0.0001,True
binh_dinh_grid_016,tp,240,42.466111183166504,42.46611309051514,1.9073486328125e-06,0.0001,True
binh_dinh_grid_010,10u,246,5.6573638916015625,5.657308101654053,5.5789947509765625e-05,0.001,True
binh_dinh_grid_011,10u,246,5.7701568603515625,5.770101070404053,5.5789947509765625e-05,0.001,True
binh_dinh_grid_013,10u,246,4.5825958251953125,4.582601070404053,5.245208740234375e-06,0.001,True
binh_dinh_grid_014,10u,246,5.7623748779296875,5.762288570404053,8.630752563476562e-05,0.001,True
binh_dinh_grid_016,10u,246,4.3344879150390625,4.334554195404053,6.628036499023438e-05,0.001,True
binh_dinh_grid_010,10v,246,3.298491358757019,3.298442643135786,4.871562123298645e-05,0.001,True
binh_dinh_grid_011,10v,246,3.632475733757019,3.632427018135786,4.871562123298645e-05,0.001,True
binh_dinh_grid_013,10v,246,3.034392237663269,3.034404557198286,1.231953501701355e-05,0.001,True
binh_dinh_grid_014,10v,246,3.406279444694519,3.406352799385786,7.335469126701355e-05,0.001,True
binh_dinh_grid_016,10v,246,1.933745265007019,1.933696549385786,4.871562123298645e-05,0.001,True
binh_dinh_grid_010,2d,246,296.4451599121094,296.4450988769531,6.103515625e-05,0.001,True
binh_dinh_grid_011,2d,246,296.9571533203125,296.9571838378906,3.0517578125e-05,0.001,True
binh_dinh_grid_013,2d,246,296.197265625,296.1972961425781,3.0517578125e-05,0.001,True
binh_dinh_grid_014,2d,246,296.525146484375,296.5251770019531,3.0517578125e-05,0.001,True
binh_dinh_grid_016,2d,246,296.0654296875,296.0654602050781,3.0517578125e-05,0.001,True
binh_dinh_grid_010,2t,246,306.3697814941406,306.3696594238281,0.0001220703125,0.001,True
binh_dinh_grid_011,2t,246,304.9575500488281,304.9575500488281,0.0,0.001,True
binh_dinh_grid_013,2t,246,302.4995422363281,302.4995422363281,0.0,0.001,True
binh_dinh_grid_014,2t,246,304.8128967285156,304.8127746582031,0.0001220703125,0.001,True
binh_dinh_grid_016,2t,246,302.2903137207031,302.2903137207031,0.0,0.001,True
binh_dinh_grid_010,sp,246,99598.7578125,99598.7578125,0.0,0.2,True
binh_dinh_grid_011,sp,246,99558.2578125,99558.2578125,0.0,0.2,True
binh_dinh_grid_013,sp,246,97456.0078125,97456.0078125,0.0,0.2,True
binh_dinh_grid_014,sp,246,99703.0703125,99703.0078125,0.0625,0.2,True
binh_dinh_grid_016,sp,246,97269.5703125,97269.6328125,0.0625,0.2,True
binh_dinh_grid_010,tcc,246,83.48246765136719,83.4826889038086,0.00022125244140625,0.005,True
binh_dinh_grid_011,tcc,246,86.35063171386719,86.3508529663086,0.00022125244140625,0.005,True
binh_dinh_grid_013,tcc,246,98.96537780761719,98.9651107788086,0.00026702880859375,0.005,True
binh_dinh_grid_014,tcc,246,83.52738952636719,83.5271224975586,0.00026702880859375,0.005,True
binh_dinh_grid_016,tcc,246,99.83549499511719,99.8352279663086,0.00026702880859375,0.005,True
binh_dinh_grid_010,ssr,246,125638208.0,125638208.0,0.0,2048.0,True
binh_dinh_grid_011,ssr,246,165752384.0,165752384.0,0.0,2048.0,True
binh_dinh_grid_013,ssr,246,124149312.0,124149312.0,0.0,2048.0,True
binh_dinh_grid_014,ssr,246,164202048.0,164202048.0,0.0,2048.0,True
binh_dinh_grid_016,ssr,246,128599616.0,128599616.0,0.0,2048.0,True
binh_dinh_grid_010,tp,246,25.5576810836792,25.5576810836792,0.0,0.0001,True
binh_dinh_grid_011,tp,246,23.03600788116455,23.036005973815918,1.9073486328125e-06,0.0001,True
binh_dinh_grid_013,tp,246,34.67187976837158,34.67187786102295,1.9073486328125e-06,0.0001,True
binh_dinh_grid_014,tp,246,21.12351894378662,21.123522758483887,3.814697265625e-06,0.0001,True
binh_dinh_grid_016,tp,246,42.69985103607178,42.69985485076904,3.814697265625e-06,0.0001,True
binh_dinh_grid_010,10u,252,5.228907108306885,5.228961110115051,5.4001808166503906e-05,0.001,True
binh_dinh_grid_011,10u,252,5.088221073150635,5.088214039802551,7.033348083496094e-06,0.001,True
binh_dinh_grid_013,10u,252,5.276575565338135,5.276568531990051,7.033348083496094e-06,0.001,True
binh_dinh_grid_014,10u,252,4.335474491119385,4.335528492927551,5.4001808166503906e-05,0.001,True
binh_dinh_grid_016,10u,252,4.946131229400635,4.946124196052551,7.033348083496094e-06,0.001,True
binh_dinh_grid_010,10v,252,2.9727691411972046,2.972810745239258,4.1604042053222656e-05,0.001,True
binh_dinh_grid_011,10v,252,3.4581817388534546,3.458162307739258,1.9431114196777344e-05,0.001,True
binh_dinh_grid_013,10v,252,3.1483062505722046,3.148347854614258,4.1604042053222656e-05,0.001,True
binh_dinh_grid_014,10v,252,2.4888824224472046,2.488924026489258,4.1604042053222656e-05,0.001,True
binh_dinh_grid_016,10v,252,1.6655181646347046,1.6655597686767578,4.1604042053222656e-05,0.001,True
binh_dinh_grid_010,2d,252,296.2672119140625,296.2671813964844,3.0517578125e-05,0.001,True
binh_dinh_grid_011,2d,252,296.768798828125,296.7687683105469,3.0517578125e-05,0.001,True
binh_dinh_grid_013,2d,252,295.87652587890625,295.8765563964844,3.0517578125e-05,0.001,True
binh_dinh_grid_014,2d,252,296.74566650390625,296.7456970214844,3.0517578125e-05,0.001,True
binh_dinh_grid_016,2d,252,295.722900390625,295.7228698730469,3.0517578125e-05,0.001,True
binh_dinh_grid_010,2t,252,302.38916015625,302.38909912109375,6.103515625e-05,0.001,True
binh_dinh_grid_011,2t,252,302.899169921875,302.89910888671875,6.103515625e-05,0.001,True
binh_dinh_grid_013,2t,252,300.412353515625,300.41229248046875,6.103515625e-05,0.001,True
binh_dinh_grid_014,2t,252,303.126220703125,303.12615966796875,6.103515625e-05,0.001,True
binh_dinh_grid_016,2t,252,300.1949462890625,300.19500732421875,6.103515625e-05,0.001,True
binh_dinh_grid_010,sp,252,99783.296875,99783.28125,0.015625,0.2,True
binh_dinh_grid_011,sp,252,99699.234375,99699.28125,0.046875,0.2,True
binh_dinh_grid_013,sp,252,97583.359375,97583.28125,0.078125,0.2,True
binh_dinh_grid_014,sp,252,99833.171875,99833.15625,0.015625,0.2,True
binh_dinh_grid_016,sp,252,97390.984375,97391.03125,0.046875,0.2,True
binh_dinh_grid_010,tcc,252,98.47437286376953,98.47403717041016,0.000335693359375,0.005,True
binh_dinh_grid_011,tcc,252,97.37866973876953,97.37882232666016,0.000152587890625,0.005,True
binh_dinh_grid_013,tcc,252,99.75952911376953,99.75919342041016,0.000335693359375,0.005,True
binh_dinh_grid_014,tcc,252,95.86988067626953,95.87003326416016,0.000152587890625,0.005,True
binh_dinh_grid_016,tcc,252,98.01636505126953,98.01651763916016,0.000152587890625,0.005,True
binh_dinh_grid_010,ssr,252,131129208.0,131129208.0,0.0,2048.0,True
binh_dinh_grid_011,ssr,252,172801912.0,172801912.0,0.0,2048.0,True
binh_dinh_grid_013,ssr,252,127412088.0,127412088.0,0.0,2048.0,True
binh_dinh_grid_014,ssr,252,168970104.0,168970104.0,0.0,2048.0,True
binh_dinh_grid_016,ssr,252,131852152.0,131852152.0,0.0,2048.0,True
binh_dinh_grid_010,tp,252,25.5576810836792,25.557673454284668,7.62939453125e-06,0.0001,True
binh_dinh_grid_011,tp,252,23.03600788116455,23.036005973815918,1.9073486328125e-06,0.0001,True
binh_dinh_grid_013,tp,252,34.80074405670166,34.80074596405029,1.9073486328125e-06,0.0001,True
binh_dinh_grid_014,tp,252,21.12351894378662,21.123515129089355,3.814697265625e-06,0.0001,True
binh_dinh_grid_016,tp,252,42.947707176208496,42.94770336151123,3.814697265625e-06,0.0001,True
binh_dinh_grid_010,10u,258,6.562134742736816,6.562041640281677,9.310245513916016e-05,0.001,True
binh_dinh_grid_011,10u,258,4.304444313049316,4.304473280906677,2.8967857360839844e-05,0.001,True
binh_dinh_grid_013,10u,258,4.367920875549316,4.367949843406677,2.8967857360839844e-05,0.001,True
binh_dinh_grid_014,10u,258,3.2791147232055664,3.2790826559066772,3.2067298889160156e-05,0.001,True
binh_dinh_grid_016,10u,258,4.213562965393066,4.213652968406677,9.000301361083984e-05,0.001,True
binh_dinh_grid_010,10v,258,2.921581983566284,2.9215532783418894,2.870522439479828e-05,0.001,True
binh_dinh_grid_011,10v,258,4.572460889816284,4.572432184591889,2.870522439479828e-05,0.001,True
binh_dinh_grid_013,10v,258,2.359204053878784,2.3592974189668894,9.336508810520172e-05,0.001,True
binh_dinh_grid_014,10v,258,2.602978467941284,2.6029497627168894,2.870522439479828e-05,0.001,True
binh_dinh_grid_016,10v,258,2.851391553878784,2.8514849189668894,9.336508810520172e-05,0.001,True
binh_dinh_grid_010,2d,258,295.9002380371094,295.9002685546875,3.0517578125e-05,0.001,True
binh_dinh_grid_011,2d,258,296.4065246582031,296.406494140625,3.0517578125e-05,0.001,True
binh_dinh_grid_013,2d,258,295.4226379394531,295.422607421875,3.0517578125e-05,0.001,True
binh_dinh_grid_014,2d,258,295.9668884277344,295.9669189453125,3.0517578125e-05,0.001,True
binh_dinh_grid_016,2d,258,295.1750793457031,295.17510986328125,3.0517578125e-05,0.001,True
binh_dinh_grid_010,2t,258,301.068603515625,301.06854248046875,6.103515625e-05,0.001,True
binh_dinh_grid_011,2t,258,301.21722412109375,301.21722412109375,0.0,0.001,True
binh_dinh_grid_013,2t,258,299.15057373046875,299.15057373046875,0.0,0.001,True
binh_dinh_grid_014,2t,258,301.3883056640625,301.38836669921875,6.103515625e-05,0.001,True
binh_dinh_grid_016,2t,258,299.0423583984375,299.04241943359375,6.103515625e-05,0.001,True
binh_dinh_grid_010,sp,258,99658.6171875,99658.640625,0.0234375,0.2,True
binh_dinh_grid_011,sp,258,99625.3671875,99625.390625,0.0234375,0.2,True
binh_dinh_grid_013,sp,258,97453.3046875,97453.265625,0.0390625,0.2,True
binh_dinh_grid_014,sp,258,99803.9296875,99803.890625,0.0390625,0.2,True
binh_dinh_grid_016,sp,258,97262.7421875,97262.765625,0.0234375,0.2,True
binh_dinh_grid_010,tcc,258,99.70709991455078,99.70700073242188,9.918212890625e-05,0.005,True
binh_dinh_grid_011,tcc,258,97.92194366455078,97.92184448242188,9.918212890625e-05,0.005,True
binh_dinh_grid_013,tcc,258,99.87946319580078,99.87936401367188,9.918212890625e-05,0.005,True
binh_dinh_grid_014,tcc,258,98.99176788330078,98.99166870117188,9.918212890625e-05,0.005,True
binh_dinh_grid_016,tcc,258,99.98615264892578,99.98629760742188,0.00014495849609375,0.005,True
binh_dinh_grid_010,ssr,258,131129208.0,131129208.0,0.0,2048.0,True
binh_dinh_grid_011,ssr,258,172801912.0,172801912.0,0.0,2048.0,True
binh_dinh_grid_013,ssr,258,127412088.0,127412088.0,0.0,2048.0,True
binh_dinh_grid_014,ssr,258,168970104.0,168970104.0,0.0,2048.0,True
binh_dinh_grid_016,ssr,258,131852152.0,131852152.0,0.0,2048.0,True
binh_dinh_grid_010,tp,258,25.5576810836792,25.557673454284668,7.62939453125e-06,0.0001,True
binh_dinh_grid_011,tp,258,23.03600788116455,23.036005973815918,1.9073486328125e-06,0.0001,True
binh_dinh_grid_013,tp,258,35.00570201873779,35.00570201873779,0.0,0.0001,True
binh_dinh_grid_014,tp,258,21.12351894378662,21.123515129089355,3.814697265625e-06,0.0001,True
binh_dinh_grid_016,tp,258,43.11632061004639,43.11632823944092,7.62939453125e-06,0.0001,True
binh_dinh_grid_010,10u,264,1.0985182523727417,1.0984782576560974,3.999471664428711e-05,0.001,True
binh_dinh_grid_011,10u,264,2.9104079008102417,2.9104899764060974,8.207559585571289e-05,0.001,True
binh_dinh_grid_013,10u,264,2.6379469633102417,2.6380290389060974,8.207559585571289e-05,0.001,True
binh_dinh_grid_014,10u,264,1.8690260648727417,1.8689860701560974,3.999471664428711e-05,0.001,True
binh_dinh_grid_016,10u,264,6.510627627372742,6.510587632656097,3.999471664428711e-05,0.001,True
binh_dinh_grid_010,10v,264,1.9364550113677979,1.936449110507965,5.900859832763672e-06,0.001,True
binh_dinh_grid_011,10v,264,3.263481378555298,3.263475477695465,5.900859832763672e-06,0.001,True
binh_dinh_grid_013,10v,264,1.7574999332427979,1.757494032382965,5.900859832763672e-06,0.001,True
binh_dinh_grid_014,10v,264,2.507744073867798,2.507860243320465,0.00011616945266723633,0.001,True
binh_dinh_grid_016,10v,264,2.596977472305298,2.596971571445465,5.900859832763672e-06,0.001,True
binh_dinh_grid_010,2d,264,295.9503173828125,295.9503479003906,3.0517578125e-05,0.001,True
binh_dinh_grid_011,2d,264,296.0546875,296.0547180175781,3.0517578125e-05,0.001,True
binh_dinh_grid_013,2d,264,295.062255859375,295.0622253417969,3.0517578125e-05,0.001,True
binh_dinh_grid_014,2d,264,295.7037353515625,295.7037048339844,3.0517578125e-05,0.001,True
binh_dinh_grid_016,2d,264,294.74078369140625,294.7408142089844,3.0517578125e-05,0.001,True
binh_dinh_grid_010,2t,264,301.0365905761719,301.0365295410156,6.103515625e-05,0.001,True
binh_dinh_grid_011,2t,264,301.5278625488281,301.5279846191406,0.0001220703125,0.001,True
binh_dinh_grid_013,2t,264,299.5257263183594,299.5257873535156,6.103515625e-05,0.001,True
binh_dinh_grid_014,2t,264,302.1160583496094,302.1161193847656,6.103515625e-05,0.001,True
binh_dinh_grid_016,2t,264,299.3096008300781,299.3097229003906,0.0001220703125,0.001,True
binh_dinh_grid_010,sp,264,99623.328125,99623.3359375,0.0078125,0.2,True
binh_dinh_grid_011,sp,264,99653.453125,99653.4609375,0.0078125,0.2,True
binh_dinh_grid_013,sp,264,97407.265625,97407.2109375,0.0546875,0.2,True
binh_dinh_grid_014,sp,264,99786.265625,99786.3359375,0.0703125,0.2,True
binh_dinh_grid_016,sp,264,97210.578125,97210.5859375,0.0078125,0.2,True
binh_dinh_grid_010,tcc,264,100.0,99.99999237060547,7.62939453125e-06,0.005,True
binh_dinh_grid_011,tcc,264,99.99678039550781,99.99675750732422,2.288818359375e-05,0.005,True
binh_dinh_grid_013,tcc,264,99.99116516113281,99.99114227294922,2.288818359375e-05,0.005,True
binh_dinh_grid_014,tcc,264,99.97584533691406,99.97582244873047,2.288818359375e-05,0.005,True
binh_dinh_grid_016,tcc,264,99.97505950927734,99.97509002685547,3.0517578125e-05,0.005,True
binh_dinh_grid_010,ssr,264,131243600.0,131243600.0,0.0,2048.0,True
binh_dinh_grid_011,ssr,264,173028944.0,173028944.0,0.0,2048.0,True
binh_dinh_grid_013,ssr,264,127551056.0,127551056.0,0.0,2048.0,True
binh_dinh_grid_014,ssr,264,169209424.0,169209424.0,0.0,2048.0,True
binh_dinh_grid_016,ssr,264,131978832.0,131978832.0,0.0,2048.0,True
binh_dinh_grid_010,tp,264,25.5576810836792,25.557673454284668,7.62939453125e-06,0.0001,True
binh_dinh_grid_011,tp,264,23.03600788116455,23.036005973815918,1.9073486328125e-06,0.0001,True
binh_dinh_grid_013,tp,264,35.174439430236816,35.17443370819092,5.7220458984375e-06,0.0001,True
binh_dinh_grid_014,tp,264,21.12351894378662,21.123515129089355,3.814697265625e-06,0.0001,True
binh_dinh_grid_016,tp,264,43.187960624694824,43.18795299530029,7.62939453125e-06,0.0001,True
binh_dinh_grid_010,10u,270,4.354832172393799,4.354737281799316,9.489059448242188e-05,0.001,True
binh_dinh_grid_011,10u,270,3.246067523956299,3.2460947036743164,2.7179718017578125e-05,0.001,True
binh_dinh_grid_013,10u,270,2.337009906768799,2.3369150161743164,9.489059448242188e-05,0.001,True
binh_dinh_grid_014,10u,270,3.228123188018799,3.2280282974243164,9.489059448242188e-05,0.001,True
binh_dinh_grid_016,10u,270,2.815220355987549,2.8151865005493164,3.3855438232421875e-05,0.001,True
binh_dinh_grid_010,10v,270,3.0359479188919067,3.0359264612197876,2.1457672119140625e-05,0.001,True
binh_dinh_grid_011,10v,270,3.3898297548294067,3.3898082971572876,2.1457672119140625e-05,0.001,True
binh_dinh_grid_013,10v,270,1.7709332704544067,1.7709118127822876,2.1457672119140625e-05,0.001,True
binh_dinh_grid_014,10v,270,2.4065533876419067,2.4065319299697876,2.1457672119140625e-05,0.001,True
binh_dinh_grid_016,10v,270,2.1127301454544067,2.1127086877822876,2.1457672119140625e-05,0.001,True
binh_dinh_grid_010,2d,270,296.4200134277344,296.4199523925781,6.103515625e-05,0.001,True
binh_dinh_grid_011,2d,270,296.8360290527344,296.8359680175781,6.103515625e-05,0.001,True
binh_dinh_grid_013,2d,270,296.12115478515625,296.1211242675781,3.0517578125e-05,0.001,True
binh_dinh_grid_014,2d,270,296.5052185058594,296.5051574707031,6.103515625e-05,0.001,True
binh_dinh_grid_016,2d,270,296.241455078125,296.2414855957031,3.0517578125e-05,0.001,True
binh_dinh_grid_010,2t,270,304.9568176269531,304.9568786621094,6.103515625e-05,0.001,True
binh_dinh_grid_011,2t,270,303.8409118652344,303.8409118652344,0.0,0.001,True
binh_dinh_grid_013,2t,270,302.4531555175781,302.4532165527344,6.103515625e-05,0.001,True
binh_dinh_grid_014,2t,270,304.7382507324219,304.7381286621094,0.0001220703125,0.001,True
binh_dinh_grid_016,2t,270,302.5583190917969,302.5584411621094,0.0001220703125,0.001,True
binh_dinh_grid_010,sp,270,99596.9453125,99596.875,0.0703125,0.2,True
binh_dinh_grid_011,sp,270,99541.7578125,99541.75,0.0078125,0.2,True
binh_dinh_grid_013,sp,270,97414.8203125,97414.75,0.0703125,0.2,True
binh_dinh_grid_014,sp,270,99685.8203125,99685.875,0.0546875,0.2,True
binh_dinh_grid_016,sp,270,97187.0078125,97187.0,0.0078125,0.2,True
binh_dinh_grid_010,tcc,270,99.99777221679688,99.99777221679688,0.0,0.005,True
binh_dinh_grid_011,tcc,270,99.9989013671875,99.9989013671875,0.0,0.005,True
binh_dinh_grid_013,tcc,270,99.86279296875,99.86279296875,0.0,0.005,True
binh_dinh_grid_014,tcc,270,99.70941162109375,99.70941162109375,0.0,0.005,True
binh_dinh_grid_016,tcc,270,99.6220703125,99.6220703125,0.0,0.005,True
binh_dinh_grid_010,ssr,270,137107736.0,137107736.0,0.0,2048.0,True
binh_dinh_grid_011,ssr,270,179300632.0,179300632.0,0.0,2048.0,True
binh_dinh_grid_013,ssr,270,131954968.0,131954968.0,0.0,2048.0,True
binh_dinh_grid_014,ssr,270,177062168.0,177062168.0,0.0,2048.0,True
binh_dinh_grid_016,ssr,270,137664792.0,137664792.0,0.0,2048.0,True
binh_dinh_grid_010,tp,270,25.56056308746338,25.56055736541748,5.7220458984375e-06,0.0001,True
binh_dinh_grid_011,tp,270,23.03600788116455,23.036005973815918,1.9073486328125e-06,0.0001,True
binh_dinh_grid_013,tp,270,35.38801097869873,35.38801097869873,0.0,0.0001,True
binh_dinh_grid_014,tp,270,21.12351894378662,21.123515129089355,3.814697265625e-06,0.0001,True
binh_dinh_grid_016,tp,270,43.63835430145264,43.63836193084717,7.62939453125e-06,0.0001,True
binh_dinh_grid_010,10u,276,5.769240856170654,5.769177675247192,6.318092346191406e-05,0.001,True
binh_dinh_grid_011,10u,276,5.485122203826904,5.485120058059692,2.1457672119140625e-06,0.001,True
binh_dinh_grid_013,10u,276,5.564651012420654,5.564587831497192,6.318092346191406e-05,0.001,True
binh_dinh_grid_014,10u,276,4.434157848358154,4.434094667434692,6.318092346191406e-05,0.001,True
binh_dinh_grid_016,10u,276,4.103042125701904,4.103039979934692,2.1457672119140625e-06,0.001,True
binh_dinh_grid_010,10v,276,3.237951636314392,3.237951636314392,0.0,0.001,True
binh_dinh_grid_011,10v,276,3.856726050376892,3.856726050376892,0.0,0.001,True
binh_dinh_grid_013,10v,276,2.985266089439392,2.985266089439392,0.0,0.001,True
binh_dinh_grid_014,10v,276,2.382971167564392,2.382971167564392,0.0,0.001,True
binh_dinh_grid_016,10v,276,1.145422339439392,1.145422339439392,0.0,0.001,True
binh_dinh_grid_010,2d,276,296.3916931152344,296.3917236328125,3.0517578125e-05,0.001,True
binh_dinh_grid_011,2d,276,296.9811096191406,296.9810791015625,3.0517578125e-05,0.001,True
binh_dinh_grid_013,2d,276,296.0874328613281,296.08740234375,3.0517578125e-05,0.001,True
binh_dinh_grid_014,2d,276,296.8766784667969,296.876708984375,3.0517578125e-05,0.001,True
binh_dinh_grid_016,2d,276,296.0652770996094,296.0653076171875,3.0517578125e-05,0.001,True
binh_dinh_grid_010,2t,276,303.2614440917969,303.26141357421875,3.0517578125e-05,0.001,True
binh_dinh_grid_011,2t,276,303.4019470214844,303.40203857421875,9.1552734375e-05,0.001,True
binh_dinh_grid_013,2t,276,300.9834899902344,300.98358154296875,9.1552734375e-05,0.001,True
binh_dinh_grid_014,2t,276,303.5568542480469,303.55682373046875,3.0517578125e-05,0.001,True
binh_dinh_grid_016,2t,276,300.7339782714844,300.73406982421875,9.1552734375e-05,0.001,True
binh_dinh_grid_010,sp,276,99666.46875,99666.4140625,0.0546875,0.2,True
binh_dinh_grid_011,sp,276,99578.28125,99578.2890625,0.0078125,0.2,True
binh_dinh_grid_013,sp,276,97509.21875,97509.1640625,0.0546875,0.2,True
binh_dinh_grid_014,sp,276,99721.09375,99721.0390625,0.0546875,0.2,True
binh_dinh_grid_016,sp,276,97299.21875,97299.1640625,0.0546875,0.2,True
binh_dinh_grid_010,tcc,276,99.99984741210938,99.9998550415039,7.62939453125e-06,0.005,True
binh_dinh_grid_011,tcc,276,99.99862670898438,99.99860382080078,2.288818359375e-05,0.005,True
binh_dinh_grid_013,tcc,276,100.00003051757812,100.00000762939453,2.288818359375e-05,0.005,True
binh_dinh_grid_014,tcc,276,99.93051147460938,99.9305191040039,7.62939453125e-06,0.005,True
binh_dinh_grid_016,tcc,276,99.99685668945312,99.99683380126953,2.288818359375e-05,0.005,True
binh_dinh_grid_010,ssr,276,140715920.0,140715920.0,0.0,2048.0,True
binh_dinh_grid_011,ssr,276,183107472.0,183107472.0,0.0,2048.0,True
binh_dinh_grid_013,ssr,276,135628688.0,135628688.0,0.0,2048.0,True
binh_dinh_grid_014,ssr,276,183009168.0,183009168.0,0.0,2048.0,True
binh_dinh_grid_016,ssr,276,141442960.0,141442960.0,0.0,2048.0,True
binh_dinh_grid_010,tp,276,25.56056308746338,25.56055736541748,5.7220458984375e-06,0.0001,True
binh_dinh_grid_011,tp,276,23.03600788116455,23.036005973815918,1.9073486328125e-06,0.0001,True
binh_dinh_grid_013,tp,276,35.50312519073486,35.50312328338623,1.9073486328125e-06,0.0001,True
binh_dinh_grid_014,tp,276,21.12351894378662,21.123515129089355,3.814697265625e-06,0.0001,True
binh_dinh_grid_016,tp,276,43.92661762237549,43.926615715026855,1.9073486328125e-06,0.0001,True
binh_dinh_grid_010,10u,282,6.080235481262207,6.0803340673446655,9.85860824584961e-05,0.001,True
binh_dinh_grid_011,10u,282,4.835850715637207,4.8359493017196655,9.85860824584961e-05,0.001,True
binh_dinh_grid_013,10u,282,5.669896125793457,5.6699336767196655,3.7550926208496094e-05,0.001,True
binh_dinh_grid_014,10u,282,4.122349739074707,4.1223262548446655,2.3484230041503906e-05,0.001,True
binh_dinh_grid_016,10u,282,4.267979621887207,4.2680782079696655,9.85860824584961e-05,0.001,True
binh_dinh_grid_010,10v,282,3.8408350944519043,3.840878814458847,4.3720006942749023e-05,0.001,True
binh_dinh_grid_011,10v,282,4.523940563201904,4.523984283208847,4.3720006942749023e-05,0.001,True
binh_dinh_grid_013,10v,282,3.1192774772644043,3.119199126958847,7.835030555725098e-05,0.001,True
binh_dinh_grid_014,10v,282,2.6377100944519043,2.637753814458847,4.3720006942749023e-05,0.001,True
binh_dinh_grid_016,10v,282,2.3269190788269043,2.326962798833847,4.3720006942749023e-05,0.001,True
binh_dinh_grid_010,2d,282,296.10101318359375,296.10101318359375,0.0,0.001,True
binh_dinh_grid_011,2d,282,296.47772216796875,296.47772216796875,0.0,0.001,True
binh_dinh_grid_013,2d,282,295.4454345703125,295.4454345703125,0.0,0.001,True
binh_dinh_grid_014,2d,282,296.0579833984375,296.0579833984375,0.0,0.001,True
binh_dinh_grid_016,2d,282,295.21466064453125,295.21466064453125,0.0,0.001,True
binh_dinh_grid_010,2t,282,301.0166320800781,301.0166015625,3.0517578125e-05,0.001,True
binh_dinh_grid_011,2t,282,301.3728942871094,301.3729248046875,3.0517578125e-05,0.001,True
binh_dinh_grid_013,2t,282,299.3370666503906,299.3370361328125,3.0517578125e-05,0.001,True
binh_dinh_grid_014,2t,282,301.6441345214844,301.6441650390625,3.0517578125e-05,0.001,True
binh_dinh_grid_016,2t,282,299.1509094238281,299.15087890625,3.0517578125e-05,0.001,True
binh_dinh_grid_010,sp,282,99575.1328125,99575.078125,0.0546875,0.2,True
binh_dinh_grid_011,sp,282,99533.9453125,99533.953125,0.0078125,0.2,True
binh_dinh_grid_013,sp,282,97405.4453125,97405.453125,0.0078125,0.2,True
binh_dinh_grid_014,sp,282,99699.4453125,99699.453125,0.0078125,0.2,True
binh_dinh_grid_016,sp,282,97224.3828125,97224.328125,0.0546875,0.2,True
binh_dinh_grid_010,tcc,282,99.9966049194336,99.9966049194336,0.0,0.005,True
binh_dinh_grid_011,tcc,282,99.99530792236328,99.99530792236328,0.0,0.005,True
binh_dinh_grid_013,tcc,282,99.98287200927734,99.98287200927734,0.0,0.005,True
binh_dinh_grid_014,tcc,282,99.70849609375,99.70849609375,0.0,0.005,True
binh_dinh_grid_016,tcc,282,99.97315979003906,99.97315979003906,0.0,0.005,True
binh_dinh_grid_010,ssr,282,140715920.0,140715920.0,0.0,2048.0,True
binh_dinh_grid_011,ssr,282,183107472.0,183107472.0,0.0,2048.0,True
binh_dinh_grid_013,ssr,282,135628688.0,135628688.0,0.0,2048.0,True
binh_dinh_grid_014,ssr,282,183009168.0,183009168.0,0.0,2048.0,True
binh_dinh_grid_016,ssr,282,141442960.0,141442960.0,0.0,2048.0,True
binh_dinh_grid_010,tp,282,25.560562133789062,25.560568809509277,6.67572021484375e-06,0.0001,True
binh_dinh_grid_011,tp,282,23.036006927490234,23.036002159118652,4.76837158203125e-06,0.0001,True
binh_dinh_grid_013,tp,282,35.67916297912598,35.67916011810303,2.86102294921875e-06,0.0001,True
binh_dinh_grid_014,tp,282,21.125667572021484,21.125662803649902,4.76837158203125e-06,0.0001,True
binh_dinh_grid_016,tp,282,44.084251403808594,44.08425045013428,9.5367431640625e-07,0.0001,True
binh_dinh_grid_010,10u,288,1.5578089952468872,1.5577051043510437,0.00010389089584350586,0.001,True
binh_dinh_grid_011,10u,288,3.470162510871887,3.4700586199760437,0.00010389089584350586,0.001,True
binh_dinh_grid_013,10u,288,3.332100987434387,3.3321191668510437,1.817941665649414e-05,0.001,True
binh_dinh_grid_014,10u,288,4.379708409309387,4.379726588726044,1.817941665649414e-05,0.001,True
binh_dinh_grid_016,10u,288,3.548043370246887,3.5479394793510437,0.00010389089584350586,0.001,True
binh_dinh_grid_010,10v,288,3.619821071624756,3.619796060025692,2.501159906387329e-05,0.001,True
binh_dinh_grid_011,10v,288,4.615914821624756,4.615889810025692,2.501159906387329e-05,0.001,True
binh_dinh_grid_013,10v,288,3.286324977874756,3.286299966275692,2.501159906387329e-05,0.001,True
binh_dinh_grid_014,10v,288,4.375802516937256,4.375899575650692,9.705871343612671e-05,0.001,True
binh_dinh_grid_016,10v,288,2.732125759124756,2.732100747525692,2.501159906387329e-05,0.001,True
binh_dinh_grid_010,2d,288,295.94000244140625,295.9399719238281,3.0517578125e-05,0.001,True
binh_dinh_grid_011,2d,288,296.24102783203125,296.2409973144531,3.0517578125e-05,0.001,True
binh_dinh_grid_013,2d,288,295.20294189453125,295.2029113769531,3.0517578125e-05,0.001,True
binh_dinh_grid_014,2d,288,295.7073974609375,295.7073669433594,3.0517578125e-05,0.001,True
binh_dinh_grid_016,2d,288,295.01898193359375,295.0190124511719,3.0517578125e-05,0.001,True
binh_dinh_grid_010,2t,288,301.34527587890625,301.34527587890625,0.0,0.001,True
binh_dinh_grid_011,2t,288,301.568603515625,301.56866455078125,6.103515625e-05,0.001,True
binh_dinh_grid_013,2t,288,299.609375,299.60943603515625,6.103515625e-05,0.001,True
binh_dinh_grid_014,2t,288,302.229736328125,302.22967529296875,6.103515625e-05,0.001,True
binh_dinh_grid_016,2t,288,299.49713134765625,299.49713134765625,0.0,0.001,True
binh_dinh_grid_010,sp,288,99562.875,99562.859375,0.015625,0.2,True
binh_dinh_grid_011,sp,288,99567.125,99567.109375,0.015625,0.2,True
binh_dinh_grid_013,sp,288,97406.625,97406.609375,0.015625,0.2,True
binh_dinh_grid_014,sp,288,99717.25,99717.234375,0.015625,0.2,True
binh_dinh_grid_016,sp,288,97234.0,97233.984375,0.015625,0.2,True
binh_dinh_grid_010,tcc,288,99.99949264526367,99.9994888305664,3.814697265625e-06,0.005,True
binh_dinh_grid_011,tcc,288,99.95951843261719,99.95951843261719,0.0,0.005,True
binh_dinh_grid_013,tcc,288,99.99518203735352,99.99517822265625,3.814697265625e-06,0.005,True
binh_dinh_grid_014,tcc,288,99.97553634643555,99.97554016113281,3.814697265625e-06,0.005,True
binh_dinh_grid_016,tcc,288,100.0,100.0,0.0,0.005,True
binh_dinh_grid_010,ssr,288,140894624.0,140894624.0,0.0,2048.0,True
binh_dinh_grid_011,ssr,288,183370144.0,183370144.0,0.0,2048.0,True
binh_dinh_grid_013,ssr,288,135825824.0,135825824.0,0.0,2048.0,True
binh_dinh_grid_014,ssr,288,183329184.0,183329184.0,0.0,2048.0,True
binh_dinh_grid_016,ssr,288,141586848.0,141586848.0,0.0,2048.0,True
binh_dinh_grid_010,tp,288,25.587112426757812,25.587119102478027,6.67572021484375e-06,0.0001,True
binh_dinh_grid_011,tp,288,23.036006927490234,23.036002159118652,4.76837158203125e-06,0.0001,True
binh_dinh_grid_013,tp,288,35.91538429260254,35.91538143157959,2.86102294921875e-06,0.0001,True
binh_dinh_grid_014,tp,288,21.125667572021484,21.125662803649902,4.76837158203125e-06,0.0001,True
binh_dinh_grid_016,tp,288,44.191829681396484,44.1918249130249,4.76837158203125e-06,0.0001,True
binh_dinh_grid_010,10u,294,3.4492576122283936,3.4492597579956055,2.1457672119140625e-06,0.001,True
binh_dinh_grid_011,10u,294,4.5547873973846436,4.5547285079956055,5.888938903808594e-05,0.001,True
binh_dinh_grid_013,10u,294,3.9632346630096436,3.9631757736206055,5.888938903808594e-05,0.001,True
binh_dinh_grid_014,10u,294,5.4872825145721436,5.4873456954956055,6.318092346191406e-05,0.001,True
binh_dinh_grid_016,10u,294,3.6740500926971436,3.6741132736206055,6.318092346191406e-05,0.001,True
binh_dinh_grid_010,10v,294,4.438585162162781,4.43852299451828,6.216764450073242e-05,0.001,True
binh_dinh_grid_011,10v,294,5.186754107475281,5.18681401014328,5.990266799926758e-05,0.001,True
binh_dinh_grid_013,10v,294,2.9291857481002808,2.92912358045578,6.216764450073242e-05,0.001,True
binh_dinh_grid_014,10v,294,3.6332873106002808,3.63334721326828,5.990266799926758e-05,0.001,True
binh_dinh_grid_016,10v,294,1.9249132871627808,1.92497318983078,5.990266799926758e-05,0.001,True
binh_dinh_grid_010,2d,294,296.2741394042969,296.2742004394531,6.103515625e-05,0.001,True
binh_dinh_grid_011,2d,294,296.5736083984375,296.5736389160156,3.0517578125e-05,0.001,True
binh_dinh_grid_013,2d,294,296.09783935546875,296.0978088378906,3.0517578125e-05,0.001,True
binh_dinh_grid_014,2d,294,296.2615966796875,296.2616271972656,3.0517578125e-05,0.001,True
binh_dinh_grid_016,2d,294,296.2515563964844,296.2516174316406,6.103515625e-05,0.001,True
binh_dinh_grid_010,2t,294,304.8339538574219,304.8338928222656,6.103515625e-05,0.001,True
binh_dinh_grid_011,2t,294,304.1628112792969,304.1627502441406,6.103515625e-05,0.001,True
binh_dinh_grid_013,2t,294,302.8670349121094,302.8670959472656,6.103515625e-05,0.001,True
binh_dinh_grid_014,2t,294,305.3594665527344,305.3595275878906,6.103515625e-05,0.001,True
binh_dinh_grid_016,2t,294,302.9299011230469,302.9298400878906,6.103515625e-05,0.001,True
binh_dinh_grid_010,sp,294,99533.859375,99533.828125,0.03125,0.2,True
binh_dinh_grid_011,sp,294,99466.234375,99466.203125,0.03125,0.2,True
binh_dinh_grid_013,sp,294,97403.359375,97403.328125,0.03125,0.2,True
binh_dinh_grid_014,sp,294,99624.359375,99624.328125,0.03125,0.2,True
binh_dinh_grid_016,sp,294,97191.484375,97191.453125,0.03125,0.2,True
binh_dinh_grid_010,tcc,294,100.0,100.00003051757812,3.0517578125e-05,0.005,True
binh_dinh_grid_011,tcc,294,99.91961669921875,99.91964721679688,3.0517578125e-05,0.005,True
binh_dinh_grid_013,tcc,294,99.97808837890625,99.97805786132812,3.0517578125e-05,0.005,True
binh_dinh_grid_014,tcc,294,99.74713134765625,99.74716186523438,3.0517578125e-05,0.005,True
binh_dinh_grid_016,tcc,294,99.82513427734375,99.82510375976562,3.0517578125e-05,0.005,True
binh_dinh_grid_010,ssr,294,145390000.0,145390000.0,0.0,2048.0,True
binh_dinh_grid_011,ssr,294,191226288.0,191226288.0,0.0,2048.0,True
binh_dinh_grid_013,ssr,294,141322672.0,141322672.0,0.0,2048.0,True
binh_dinh_grid_014,ssr,294,191609264.0,191609264.0,0.0,2048.0,True
binh_dinh_grid_016,ssr,294,147009968.0,147009968.0,0.0,2048.0,True
binh_dinh_grid_010,tp,294,25.587112426757812,25.587119102478027,6.67572021484375e-06,0.0001,True
binh_dinh_grid_011,tp,294,23.036006927490234,23.036002159118652,4.76837158203125e-06,0.0001,True
binh_dinh_grid_013,tp,294,36.07636070251465,36.076361656188965,9.5367431640625e-07,0.0001,True
binh_dinh_grid_014,tp,294,21.125667572021484,21.125662803649902,4.76837158203125e-06,0.0001,True
binh_dinh_grid_016,tp,294,44.6423282623291,44.64232540130615,2.86102294921875e-06,0.0001,True
binh_dinh_grid_010,10u,300,6.288454055786133,6.288480997085571,2.6941299438476562e-05,0.001,True
binh_dinh_grid_011,10u,300,6.577028274536133,6.577055215835571,2.6941299438476562e-05,0.001,True
binh_dinh_grid_013,10u,300,5.822877883911133,5.822904825210571,2.6941299438476562e-05,0.001,True
binh_dinh_grid_014,10u,300,5.965883255004883,5.965849161148071,3.409385681152344e-05,0.001,True
binh_dinh_grid_016,10u,300,4.070924758911133,4.070951700210571,2.6941299438476562e-05,0.001,True
binh_dinh_grid_010,10v,300,3.871616005897522,3.8715574592351913,5.854666233062744e-05,0.001,True
binh_dinh_grid_011,10v,300,4.392367959022522,4.392431482672691,6.352365016937256e-05,0.001,True
binh_dinh_grid_013,10v,300,3.511874794960022,3.5118162482976913,5.854666233062744e-05,0.001,True
binh_dinh_grid_014,10v,300,3.781650185585022,3.7817137092351913,6.352365016937256e-05,0.001,True
binh_dinh_grid_016,10v,300,1.630038857460022,1.6299803107976913,5.854666233062744e-05,0.001,True
binh_dinh_grid_010,2d,300,296.386962890625,296.38690185546875,6.103515625e-05,0.001,True
binh_dinh_grid_011,2d,300,296.8271484375,296.82720947265625,6.103515625e-05,0.001,True
binh_dinh_grid_013,2d,300,296.094970703125,296.09503173828125,6.103515625e-05,0.001,True
binh_dinh_grid_014,2d,300,296.6676025390625,296.66766357421875,6.103515625e-05,0.001,True
binh_dinh_grid_016,2d,300,296.35809326171875,296.35809326171875,0.0,0.001,True
binh_dinh_grid_010,2t,300,302.4429931640625,302.4429626464844,3.0517578125e-05,0.001,True
binh_dinh_grid_011,2t,300,302.669677734375,302.6697692871094,9.1552734375e-05,0.001,True
binh_dinh_grid_013,2t,300,300.32940673828125,300.3294372558594,3.0517578125e-05,0.001,True
binh_dinh_grid_014,2t,300,302.9993896484375,302.9993591308594,3.0517578125e-05,0.001,True
binh_dinh_grid_016,2t,300,300.10797119140625,300.1080017089844,3.0517578125e-05,0.001,True
binh_dinh_grid_010,sp,300,99532.671875,99532.625,0.046875,0.2,True
binh_dinh_grid_011,sp,300,99471.359375,99471.375,0.015625,0.2,True
binh_dinh_grid_013,sp,300,97377.234375,97377.25,0.015625,0.2,True
binh_dinh_grid_014,sp,300,99625.296875,99625.25,0.046875,0.2,True
binh_dinh_grid_016,sp,300,97205.921875,97205.875,0.046875,0.2,True
binh_dinh_grid_010,tcc,300,99.63630676269531,99.63630676269531,0.0,0.005,True
binh_dinh_grid_011,tcc,300,99.56599426269531,99.56599426269531,0.0,0.005,True
binh_dinh_grid_013,tcc,300,99.84480285644531,99.84480285644531,0.0,0.005,True
binh_dinh_grid_014,tcc,300,98.55482482910156,98.55482482910156,0.0,0.005,True
binh_dinh_grid_016,tcc,300,98.41645812988281,98.41645812988281,0.0,0.005,True
binh_dinh_grid_010,ssr,300,149479328.0,149479328.0,0.0,2048.0,True
binh_dinh_grid_011,ssr,300,195729312.0,195729312.0,0.0,2048.0,True
binh_dinh_grid_013,ssr,300,145678240.0,145678240.0,0.0,2048.0,True
binh_dinh_grid_014,ssr,300,196013984.0,196013984.0,0.0,2048.0,True
binh_dinh_grid_016,ssr,300,151789472.0,151789472.0,0.0,2048.0,True
binh_dinh_grid_010,tp,300,25.587112426757812,25.587119102478027,6.67572021484375e-06,0.0001,True
binh_dinh_grid_011,tp,300,23.036006927490234,23.036002159118652,4.76837158203125e-06,0.0001,True
binh_dinh_grid_013,tp,300,36.332998275756836,36.33299922943115,9.5367431640625e-07,0.0001,True
binh_dinh_grid_014,tp,300,21.146541595458984,21.146536827087402,4.76837158203125e-06,0.0001,True
binh_dinh_grid_016,tp,300,45.24974822998047,45.24974727630615,9.5367431640625e-07,0.0001,True
binh_dinh_grid_010,10u,306,5.781944274902344,5.782063126564026,0.0001188516616821289,0.001,True
binh_dinh_grid_011,10u,306,5.970359802246094,5.970295548439026,6.42538070678711e-05,0.001,True
binh_dinh_grid_013,10u,306,5.348289489746094,5.348225235939026,6.42538070678711e-05,0.001,True
binh_dinh_grid_014,10u,306,4.962364196777344,4.962483048439026,0.0001188516616821289,0.001,True
binh_dinh_grid_016,10u,306,4.895286560058594,4.895344376564026,5.7816505432128906e-05,0.001,True
binh_dinh_grid_010,10v,306,2.857041597366333,2.8570982292294502,5.663186311721802e-05,0.001,True
binh_dinh_grid_011,10v,306,4.656724214553833,4.65678084641695,5.663186311721802e-05,0.001,True
binh_dinh_grid_013,10v,306,3.156846284866333,3.1569029167294502,5.663186311721802e-05,0.001,True
binh_dinh_grid_014,10v,306,3.080064058303833,3.0801206901669502,5.663186311721802e-05,0.001,True
binh_dinh_grid_016,10v,306,2.983628511428833,2.9835630729794502,6.543844938278198e-05,0.001,True
binh_dinh_grid_010,2d,306,296.31201171875,296.3120422363281,3.0517578125e-05,0.001,True
binh_dinh_grid_011,2d,306,296.669921875,296.6698913574219,3.0517578125e-05,0.001,True
binh_dinh_grid_013,2d,306,295.822998046875,295.8230285644531,3.0517578125e-05,0.001,True
binh_dinh_grid_014,2d,306,296.31280517578125,296.3128356933594,3.0517578125e-05,0.001,True
binh_dinh_grid_016,2d,306,295.49798583984375,295.4980163574219,3.0517578125e-05,0.001,True
binh_dinh_grid_010,2t,306,301.2815246582031,301.2815246582031,0.0,0.001,True
binh_dinh_grid_011,2t,306,301.3381652832031,301.3381652832031,0.0,0.001,True
binh_dinh_grid_013,2t,306,299.5179138183594,299.5179748535156,6.103515625e-05,0.001,True
binh_dinh_grid_014,2t,306,301.7903747558594,301.7904357910156,6.103515625e-05,0.001,True
binh_dinh_grid_016,2t,306,299.4765930175781,299.4765930175781,0.0,0.001,True
binh_dinh_grid_010,sp,306,99534.46875,99534.53125,0.0625,0.2,True
binh_dinh_grid_011,sp,306,99474.09375,99474.03125,0.0625,0.2,True
binh_dinh_grid_013,sp,306,97327.65625,97327.65625,0.0,0.2,True
binh_dinh_grid_014,sp,306,99653.15625,99653.15625,0.0,0.2,True
binh_dinh_grid_016,sp,306,97171.28125,97171.28125,0.0,0.2,True
binh_dinh_grid_010,tcc,306,99.98655700683594,99.98655700683594,0.0,0.005,True
binh_dinh_grid_011,tcc,306,99.96318054199219,99.96318054199219,0.0,0.005,True
binh_dinh_grid_013,tcc,306,99.96868133544922,99.96868133544922,0.0,0.005,True
binh_dinh_grid_014,tcc,306,99.65536499023438,99.65536499023438,0.0,0.005,True
binh_dinh_grid_016,tcc,306,99.97225952148438,99.97225952148438,0.0,0.005,True
binh_dinh_grid_010,ssr,306,149479328.0,149479328.0,0.0,2048.0,True
binh_dinh_grid_011,ssr,306,195729312.0,195729312.0,0.0,2048.0,True
binh_dinh_grid_013,ssr,306,145678240.0,145678240.0,0.0,2048.0,True
binh_dinh_grid_014,ssr,306,196013984.0,196013984.0,0.0,2048.0,True
binh_dinh_grid_016,ssr,306,151789472.0,151789472.0,0.0,2048.0,True
binh_dinh_grid_010,tp,306,25.587112426757812,25.587119102478027,6.67572021484375e-06,0.0001,True
binh_dinh_grid_011,tp,306,23.036006927490234,23.036002159118652,4.76837158203125e-06,0.0001,True
binh_dinh_grid_013,tp,306,36.54469108581543,36.544684410095215,6.67572021484375e-06,0.0001,True
binh_dinh_grid_014,tp,306,21.146541595458984,21.146536827087402,4.76837158203125e-06,0.0001,True
binh_dinh_grid_016,tp,306,45.42801094055176,45.42801570892334,4.76837158203125e-06,0.0001,True
binh_dinh_grid_010,10u,312,-1.248673915863037,-1.248673915863037,0.0,0.001,True
binh_dinh_grid_011,10u,312,2.348249912261963,2.348249912261963,0.0,0.001,True
binh_dinh_grid_013,10u,312,3.180159091949463,3.180037021636963,0.0001220703125,0.001,True
binh_dinh_grid_014,10u,312,2.662703037261963,2.662703037261963,0.0,0.001,True
binh_dinh_grid_016,10u,312,2.976912021636963,2.976912021636963,0.0,0.001,True
binh_dinh_grid_010,10v,312,2.1806588172912598,2.1807166635990143,5.78463077545166e-05,0.001,True
binh_dinh_grid_011,10v,312,4.13537073135376,4.135428577661514,5.78463077545166e-05,0.001,True
binh_dinh_grid_013,10v,312,2.4018502235412598,2.4019080698490143,5.78463077545166e-05,0.001,True
binh_dinh_grid_014,10v,312,3.1767525672912598,3.1768104135990143,5.78463077545166e-05,0.001,True
binh_dinh_grid_016,10v,312,2.2860054969787598,2.2860633432865143,5.78463077545166e-05,0.001,True
binh_dinh_grid_010,2d,312,296.34423828125,296.34423828125,0.0,0.001,True
binh_dinh_grid_011,2d,312,296.55572509765625,296.55572509765625,0.0,0.001,True
binh_dinh_grid_013,2d,312,295.512939453125,295.512939453125,0.0,0.001,True
binh_dinh_grid_014,2d,312,296.1014404296875,296.1014404296875,0.0,0.001,True
binh_dinh_grid_016,2d,312,295.32696533203125,295.32696533203125,0.0,0.001,True
binh_dinh_grid_010,2t,312,301.4566345214844,301.45660400390625,3.0517578125e-05,0.001,True
binh_dinh_grid_011,2t,312,301.5860290527344,301.58599853515625,3.0517578125e-05,0.001,True
binh_dinh_grid_013,2t,312,299.7911682128906,299.79119873046875,3.0517578125e-05,0.001,True
binh_dinh_grid_014,2t,312,302.1615905761719,302.16156005859375,3.0517578125e-05,0.001,True
binh_dinh_grid_016,2t,312,299.7721252441406,299.77215576171875,3.0517578125e-05,0.001,True
binh_dinh_grid_010,sp,312,99682.6328125,99682.5703125,0.0625,0.2,True
binh_dinh_grid_011,sp,312,99658.1953125,99658.1953125,0.0,0.2,True
binh_dinh_grid_013,sp,312,97484.1953125,97484.1953125,0.0,0.2,True
binh_dinh_grid_014,sp,312,99804.6328125,99804.6953125,0.0625,0.2,True
binh_dinh_grid_016,sp,312,97293.0078125,97293.0703125,0.0625,0.2,True
binh_dinh_grid_010,tcc,312,99.9891128540039,99.98910522460938,7.62939453125e-06,0.005,True
binh_dinh_grid_011,tcc,312,99.9923210144043,99.99232482910156,3.814697265625e-06,0.005,True
binh_dinh_grid_013,tcc,312,99.99814987182617,99.99815368652344,3.814697265625e-06,0.005,True
binh_dinh_grid_014,tcc,312,99.98434448242188,99.98434448242188,0.0,0.005,True
binh_dinh_grid_016,tcc,312,100.0,100.0,0.0,0.005,True
binh_dinh_grid_010,ssr,312,149653248.0,149653248.0,0.0,2048.0,True
binh_dinh_grid_011,ssr,312,195956480.0,195956480.0,0.0,2048.0,True
binh_dinh_grid_013,ssr,312,145782528.0,145782528.0,0.0,2048.0,True
binh_dinh_grid_014,ssr,312,196202240.0,196202240.0,0.0,2048.0,True
binh_dinh_grid_016,ssr,312,151928576.0,151928576.0,0.0,2048.0,True
binh_dinh_grid_010,tp,312,25.61366081237793,25.613654136657715,6.67572021484375e-06,0.0001,True
binh_dinh_grid_011,tp,312,23.036006927490234,23.036002159118652,4.76837158203125e-06,0.0001,True
binh_dinh_grid_013,tp,312,36.71867561340332,36.7186803817749,4.76837158203125e-06,0.0001,True
binh_dinh_grid_014,tp,312,21.14868927001953,21.148688316345215,9.5367431640625e-07,0.0001,True
binh_dinh_grid_016,tp,312,45.51918601989746,45.51918697357178,9.5367431640625e-07,0.0001,True
binh_dinh_grid_010,10u,318,5.8338422775268555,5.833761692047119,8.058547973632812e-05,0.001,True
binh_dinh_grid_011,10u,318,5.6299238204956055,5.629904270172119,1.9550323486328125e-05,0.001,True
binh_dinh_grid_013,10u,318,5.9965925216674805,5.996603488922119,1.0967254638671875e-05,0.001,True
binh_dinh_grid_014,10u,318,5.2491559982299805,5.249044895172119,0.00011110305786132812,0.001,True
binh_dinh_grid_016,10u,318,4.5130414962768555,4.512960910797119,8.058547973632812e-05,0.001,True
binh_dinh_grid_010,10v,318,3.2885653972625732,3.2885725498199463,7.152557373046875e-06,0.001,True
binh_dinh_grid_011,10v,318,4.010123014450073,4.010130167007446,7.152557373046875e-06,0.001,True
binh_dinh_grid_013,10v,318,2.4927890300750732,2.4927961826324463,7.152557373046875e-06,0.001,True
binh_dinh_grid_014,10v,318,3.2774569988250732,3.2774641513824463,7.152557373046875e-06,0.001,True
binh_dinh_grid_016,10v,318,1.4373691082000732,1.4373762607574463,7.152557373046875e-06,0.001,True
binh_dinh_grid_010,2d,318,295.45611572265625,295.4560852050781,3.0517578125e-05,0.001,True
binh_dinh_grid_011,2d,318,296.38787841796875,296.3878479003906,3.0517578125e-05,0.001,True
binh_dinh_grid_013,2d,318,295.87799072265625,295.8779602050781,3.0517578125e-05,0.001,True
binh_dinh_grid_014,2d,318,296.3330078125,296.3330383300781,3.0517578125e-05,0.001,True
binh_dinh_grid_016,2d,318,296.10601806640625,296.1059875488281,3.0517578125e-05,0.001,True
binh_dinh_grid_010,2t,318,306.83990478515625,306.8399353027344,3.0517578125e-05,0.001,True
binh_dinh_grid_011,2t,318,305.20623779296875,305.2062683105469,3.0517578125e-05,0.001,True
binh_dinh_grid_013,2t,318,304.76702880859375,304.7670593261719,3.0517578125e-05,0.001,True
binh_dinh_grid_014,2t,318,306.11126708984375,306.1112976074219,3.0517578125e-05,0.001,True
binh_dinh_grid_016,2t,318,303.7979736328125,303.7979431152344,3.0517578125e-05,0.001,True
binh_dinh_grid_010,sp,318,99569.5625,99569.546875,0.015625,0.2,True
binh_dinh_grid_011,sp,318,99511.75,99511.796875,0.046875,0.2,True
binh_dinh_grid_013,sp,318,97445.625,97445.546875,0.078125,0.2,True
binh_dinh_grid_014,sp,318,99665.0,99665.046875,0.046875,0.2,True
binh_dinh_grid_016,sp,318,97231.6875,97231.671875,0.015625,0.2,True
binh_dinh_grid_010,tcc,318,99.99964904785156,99.99964904785156,0.0,0.005,True
binh_dinh_grid_011,tcc,318,99.99787902832031,99.99787902832031,0.0,0.005,True
binh_dinh_grid_013,tcc,318,99.98988342285156,99.98988342285156,0.0,0.005,True
binh_dinh_grid_014,tcc,318,99.97572326660156,99.97572326660156,0.0,0.005,True
binh_dinh_grid_016,tcc,318,97.61396789550781,97.61396789550781,0.0,0.005,True
binh_dinh_grid_010,ssr,318,154735280.0,154735280.0,0.0,2048.0,True
binh_dinh_grid_011,ssr,318,203125424.0,203125424.0,0.0,2048.0,True
binh_dinh_grid_013,ssr,318,151648944.0,151648944.0,0.0,2048.0,True
binh_dinh_grid_014,ssr,318,204819120.0,204819120.0,0.0,2048.0,True
binh_dinh_grid_016,ssr,318,157366960.0,157366960.0,0.0,2048.0,True
binh_dinh_grid_010,tp,318,25.61366081237793,25.613654136657715,6.67572021484375e-06,0.0001,True
binh_dinh_grid_011,tp,318,23.036006927490234,23.036002159118652,4.76837158203125e-06,0.0001,True
binh_dinh_grid_013,tp,318,36.86008834838867,36.86008358001709,4.76837158203125e-06,0.0001,True
binh_dinh_grid_014,tp,318,21.14868927001953,21.148688316345215,9.5367431640625e-07,0.0001,True
binh_dinh_grid_016,tp,318,45.94145393371582,45.9414587020874,4.76837158203125e-06,0.0001,True
binh_dinh_grid_010,10u,324,6.162550926208496,6.162574529647827,2.3603439331054688e-05,0.001,True
binh_dinh_grid_011,10u,324,6.462843894958496,6.462867498397827,2.3603439331054688e-05,0.001,True
binh_dinh_grid_013,10u,324,5.329421043395996,5.329444646835327,2.3603439331054688e-05,0.001,True
binh_dinh_grid_014,10u,324,5.086867332458496,5.086890935897827,2.3603439331054688e-05,0.001,True
binh_dinh_grid_016,10u,324,3.847121238708496,3.847144842147827,2.3603439331054688e-05,0.001,True
binh_dinh_grid_010,10v,324,3.325256109237671,3.3253051042556763,4.8995018005371094e-05,0.001,True
binh_dinh_grid_011,10v,324,4.249572515487671,4.249499440193176,7.30752944946289e-05,0.001,True
binh_dinh_grid_013,10v,324,2.714294195175171,2.7143431901931763,4.8995018005371094e-05,0.001,True
binh_dinh_grid_014,10v,324,2.520690679550171,2.5207396745681763,4.8995018005371094e-05,0.001,True
binh_dinh_grid_016,10v,324,1.376769781112671,1.3768187761306763,4.8995018005371094e-05,0.001,True
binh_dinh_grid_010,2d,324,296.1923522949219,296.1923522949219,0.0,0.001,True
binh_dinh_grid_011,2d,324,296.9937438964844,296.9937438964844,0.0,0.001,True
binh_dinh_grid_013,2d,324,295.9992980957031,295.9992980957031,0.0,0.001,True
binh_dinh_grid_014,2d,324,296.8232727050781,296.8232727050781,0.0,0.001,True
binh_dinh_grid_016,2d,324,296.0974426269531,296.0974426269531,0.0,0.001,True
binh_dinh_grid_010,2t,324,302.78253173828125,302.7825622558594,3.0517578125e-05,0.001,True
binh_dinh_grid_011,2t,324,303.15203857421875,303.1519470214844,9.1552734375e-05,0.001,True
binh_dinh_grid_013,2t,324,300.6658935546875,300.6658630371094,3.0517578125e-05,0.001,True
binh_dinh_grid_014,2t,324,303.48388671875,303.4839782714844,9.1552734375e-05,0.001,True
binh_dinh_grid_016,2t,324,300.7598876953125,300.7598571777344,3.0517578125e-05,0.001,True
binh_dinh_grid_010,sp,324,99696.59375,99696.5390625,0.0546875,0.2,True
binh_dinh_grid_011,sp,324,99601.65625,99601.6640625,0.0078125,0.2,True
binh_dinh_grid_013,sp,324,97506.09375,97506.1640625,0.0703125,0.2,True
binh_dinh_grid_014,sp,324,99742.28125,99742.2890625,0.0078125,0.2,True
binh_dinh_grid_016,sp,324,97293.59375,97293.5390625,0.0546875,0.2,True
binh_dinh_grid_010,tcc,324,99.94964790344238,99.94972229003906,7.43865966796875e-05,0.005,True
binh_dinh_grid_011,tcc,324,99.97480487823486,99.97486877441406,6.389617919921875e-05,0.005,True
binh_dinh_grid_013,tcc,324,99.98025608062744,99.98023986816406,1.621246337890625e-05,0.005,True
binh_dinh_grid_014,tcc,324,99.98988437652588,99.99000549316406,0.00012111663818359375,0.005,True
binh_dinh_grid_016,tcc,324,99.98092651367188,99.98097229003906,4.57763671875e-05,0.005,True
binh_dinh_grid_010,ssr,324,159589712.0,159589712.0,0.0,2048.0,True
binh_dinh_grid_011,ssr,324,208026960.0,208026960.0,0.0,2048.0,True
binh_dinh_grid_013,ssr,324,155864400.0,155864400.0,0.0,2048.0,True
binh_dinh_grid_014,ssr,324,209538384.0,209538384.0,0.0,2048.0,True
binh_dinh_grid_016,ssr,324,163233104.0,163233104.0,0.0,2048.0,True
binh_dinh_grid_010,tp,324,25.640209197998047,25.640204429626465,4.76837158203125e-06,0.0001,True
binh_dinh_grid_011,tp,324,23.036006927490234,23.036002159118652,4.76837158203125e-06,0.0001,True
binh_dinh_grid_013,tp,324,37.104177474975586,37.1041784286499,9.5367431640625e-07,0.0001,True
binh_dinh_grid_014,tp,324,21.169565200805664,21.169562339782715,2.86102294921875e-06,0.0001,True
binh_dinh_grid_016,tp,324,46.44514465332031,46.44515132904053,6.67572021484375e-06,0.0001,True
binh_dinh_grid_010,10u,330,5.610164165496826,5.610169887542725,5.7220458984375e-06,0.001,True
binh_dinh_grid_011,10u,330,5.187129497528076,5.187074184417725,5.53131103515625e-05,0.001,True
binh_dinh_grid_013,10u,330,6.000300884246826,6.000306606292725,5.7220458984375e-06,0.001,True
binh_dinh_grid_014,10u,330,3.895320415496826,3.8953261375427246,5.7220458984375e-06,0.001,True
binh_dinh_grid_016,10u,330,4.583552837371826,4.583558559417725,5.7220458984375e-06,0.001,True
binh_dinh_grid_010,10v,330,4.301295757293701,4.301303952932358,8.195638656616211e-06,0.001,True
binh_dinh_grid_011,10v,330,4.998683452606201,4.998691648244858,8.195638656616211e-06,0.001,True
binh_dinh_grid_013,10v,330,3.775783061981201,3.775791257619858,8.195638656616211e-06,0.001,True
binh_dinh_grid_014,10v,330,3.263942241668701,3.263950437307358,8.195638656616211e-06,0.001,True
binh_dinh_grid_016,10v,330,2.698878765106201,2.698886960744858,8.195638656616211e-06,0.001,True
binh_dinh_grid_010,2d,330,296.5469665527344,296.5469665527344,0.0,0.001,True
binh_dinh_grid_011,2d,330,296.8010559082031,296.8010559082031,0.0,0.001,True
binh_dinh_grid_013,2d,330,295.9296875,295.9296569824219,3.0517578125e-05,0.001,True
binh_dinh_grid_014,2d,330,296.4339904785156,296.4339904785156,0.0,0.001,True
binh_dinh_grid_016,2d,330,295.7682189941406,295.7682189941406,0.0,0.001,True
binh_dinh_grid_010,2t,330,301.3773498535156,301.3772888183594,6.103515625e-05,0.001,True
binh_dinh_grid_011,2t,330,301.5520324707031,301.5520935058594,6.103515625e-05,0.001,True
binh_dinh_grid_013,2t,330,299.8240051269531,299.8240661621094,6.103515625e-05,0.001,True
binh_dinh_grid_014,2t,330,302.0283508300781,302.0284118652344,6.103515625e-05,0.001,True
binh_dinh_grid_016,2t,330,299.6453552246094,299.6453552246094,0.0,0.001,True
binh_dinh_grid_010,sp,330,99621.765625,99621.75,0.015625,0.2,True
binh_dinh_grid_011,sp,330,99569.515625,99569.5,0.015625,0.2,True
binh_dinh_grid_013,sp,330,97448.828125,97448.875,0.046875,0.2,True
binh_dinh_grid_014,sp,330,99738.453125,99738.5,0.046875,0.2,True
binh_dinh_grid_016,sp,330,97293.015625,97293.0,0.015625,0.2,True
binh_dinh_grid_010,tcc,330,99.99986267089844,99.99986267089844,0.0,0.005,True
binh_dinh_grid_011,tcc,330,99.99768829345703,99.99768829345703,0.0,0.005,True
binh_dinh_grid_013,tcc,330,100.0,100.0,0.0,0.005,True
binh_dinh_grid_014,tcc,330,99.98807907104492,99.98807907104492,0.0,0.005,True
binh_dinh_grid_016,tcc,330,99.98157119750977,99.98157119750977,0.0,0.005,True
binh_dinh_grid_010,ssr,330,159589712.0,159589712.0,0.0,2048.0,True
binh_dinh_grid_011,ssr,330,208026960.0,208026960.0,0.0,2048.0,True
binh_dinh_grid_013,ssr,330,155864400.0,155864400.0,0.0,2048.0,True
binh_dinh_grid_014,ssr,330,209538384.0,209538384.0,0.0,2048.0,True
binh_dinh_grid_016,ssr,330,163233104.0,163233104.0,0.0,2048.0,True
binh_dinh_grid_010,tp,330,25.643091201782227,25.643088340759277,2.86102294921875e-06,0.0001,True
binh_dinh_grid_011,tp,330,23.036006927490234,23.036002159118652,4.76837158203125e-06,0.0001,True
binh_dinh_grid_013,tp,330,37.35032272338867,37.35031795501709,4.76837158203125e-06,0.0001,True
binh_dinh_grid_014,tp,330,21.169565200805664,21.169562339782715,2.86102294921875e-06,0.0001,True
binh_dinh_grid_016,tp,330,46.66923713684082,46.6692419052124,4.76837158203125e-06,0.0001,True
binh_dinh_grid_010,10u,336,2.0326857566833496,2.0326139330863953,7.18235969543457e-05,0.001,True
binh_dinh_grid_011,10u,336,4.47653341293335,4.476461589336395,7.18235969543457e-05,0.001,True
binh_dinh_grid_013,10u,336,4.97226095199585,4.972311198711395,5.02467155456543e-05,0.001,True
binh_dinh_grid_014,10u,336,4.88351583480835,4.883444011211395,7.18235969543457e-05,0.001,True
binh_dinh_grid_016,10u,336,4.61520528793335,4.615133464336395,7.18235969543457e-05,0.001,True
binh_dinh_grid_010,10v,336,3.8332018852233887,3.8332743644714355,7.2479248046875e-05,0.001,True
binh_dinh_grid_011,10v,336,4.233775615692139,4.2336649894714355,0.000110626220703125,0.001,True
binh_dinh_grid_013,10v,336,3.2648425102233887,3.2649149894714355,7.2479248046875e-05,0.001,True
binh_dinh_grid_014,10v,336,3.5240588188171387,3.5239481925964355,0.000110626220703125,0.001,True
binh_dinh_grid_016,10v,336,2.2996935844421387,2.2995829582214355,0.000110626220703125,0.001,True
binh_dinh_grid_010,2d,336,296.3238220214844,296.32379150390625,3.0517578125e-05,0.001,True
binh_dinh_grid_011,2d,336,296.477294921875,296.477294921875,0.0,0.001,True
binh_dinh_grid_013,2d,336,295.6231384277344,295.62310791015625,3.0517578125e-05,0.001,True
binh_dinh_grid_014,2d,336,296.056396484375,296.056396484375,0.0,0.001,True
binh_dinh_grid_016,2d,336,295.3902282714844,295.3902587890625,3.0517578125e-05,0.001,True
binh_dinh_grid_010,2t,336,301.25994873046875,301.2599182128906,3.0517578125e-05,0.001,True
binh_dinh_grid_011,2t,336,301.62921142578125,301.6291809082031,3.0517578125e-05,0.001,True
binh_dinh_grid_013,2t,336,299.73516845703125,299.7351379394531,3.0517578125e-05,0.001,True
binh_dinh_grid_014,2t,336,302.165771484375,302.1658020019531,3.0517578125e-05,0.001,True
binh_dinh_grid_016,2t,336,299.6800537109375,299.6800842285156,3.0517578125e-05,0.001,True
binh_dinh_grid_010,sp,336,99713.3046875,99713.359375,0.0546875,0.2,True
binh_dinh_grid_011,sp,336,99674.8046875,99674.859375,0.0546875,0.2,True
binh_dinh_grid_013,sp,336,97559.8046875,97559.859375,0.0546875,0.2,True
binh_dinh_grid_014,sp,336,99818.3046875,99818.234375,0.0703125,0.2,True
binh_dinh_grid_016,sp,336,97375.5546875,97375.609375,0.0546875,0.2,True
binh_dinh_grid_010,tcc,336,99.98580169677734,99.98579788208008,3.814697265625e-06,0.005,True
binh_dinh_grid_011,tcc,336,99.9923324584961,99.99232482910156,7.62939453125e-06,0.005,True
binh_dinh_grid_013,tcc,336,100.00000762939453,100.0,7.62939453125e-06,0.005,True
binh_dinh_grid_014,tcc,336,99.99198150634766,99.99198532104492,3.814697265625e-06,0.005,True
binh_dinh_grid_016,tcc,336,99.9981918334961,99.9981918334961,0.0,0.005,True
binh_dinh_grid_010,ssr,336,159733152.0,159733152.0,0.0,2048.0,True
binh_dinh_grid_011,ssr,336,208287136.0,208287136.0,0.0,2048.0,True
binh_dinh_grid_013,ssr,336,155966880.0,155966880.0,0.0,2048.0,True
binh_dinh_grid_014,ssr,336,209726880.0,209726880.0,0.0,2048.0,True
binh_dinh_grid_016,ssr,336,163325344.0,163325344.0,0.0,2048.0,True
binh_dinh_grid_010,tp,336,25.669639587402344,25.669638633728027,9.5367431640625e-07,0.0001,True
binh_dinh_grid_011,tp,336,23.036006927490234,23.036002159118652,4.76837158203125e-06,0.0001,True
binh_dinh_grid_013,tp,336,37.54535675048828,37.545355796813965,9.5367431640625e-07,0.0001,True
binh_dinh_grid_014,tp,336,21.16956329345703,21.169562339782715,9.5367431640625e-07,0.0001,True
binh_dinh_grid_016,tp,336,46.82240295410156,46.82240962982178,6.67572021484375e-06,0.0001,True
binh_dinh_grid_010,10u,342,6.990365982055664,6.990237966179848,0.00012801587581634521,0.001,True
binh_dinh_grid_011,10u,342,7.066476821899414,7.066409841179848,6.698071956634521e-05,0.001,True
binh_dinh_grid_013,10u,342,5.267160415649414,5.267093434929848,6.698071956634521e-05,0.001,True
binh_dinh_grid_014,10u,342,5.360910415649414,5.360843434929848,6.698071956634521e-05,0.001,True
binh_dinh_grid_016,10u,342,5.796335220336914,5.796390309929848,5.5089592933654785e-05,0.001,True
binh_dinh_grid_010,10v,342,3.0589725971221924,3.0589341036975384,3.849342465400696e-05,0.001,True
binh_dinh_grid_011,10v,342,3.5601322650909424,3.5601548068225384,2.2541731595993042e-05,0.001,True
binh_dinh_grid_013,10v,342,2.4765751361846924,2.4765366427600384,3.849342465400696e-05,0.001,True
binh_dinh_grid_014,10v,342,2.4556400775909424,2.4556626193225384,2.2541731595993042e-05,0.001,True
binh_dinh_grid_016,10v,342,2.3782474994659424,2.3782700411975384,2.2541731595993042e-05,0.001,True
binh_dinh_grid_010,2d,342,296.2836608886719,296.2836608886719,0.0,0.001,True
binh_dinh_grid_011,2d,342,296.37628173828125,296.3763122558594,3.0517578125e-05,0.001,True
binh_dinh_grid_013,2d,342,296.193359375,296.1933288574219,3.0517578125e-05,0.001,True
binh_dinh_grid_014,2d,342,296.2010803222656,296.2010192871094,6.103515625e-05,0.001,True
binh_dinh_grid_016,2d,342,295.8903503417969,295.8903503417969,0.0,0.001,True
binh_dinh_grid_010,2t,342,306.629638671875,306.62957763671875,6.103515625e-05,0.001,True
binh_dinh_grid_011,2t,342,305.4866943359375,305.48675537109375,6.103515625e-05,0.001,True
binh_dinh_grid_013,2t,342,303.327880859375,303.32781982421875,6.103515625e-05,0.001,True
binh_dinh_grid_014,2t,342,305.59716796875,305.59710693359375,6.103515625e-05,0.001,True
binh_dinh_grid_016,2t,342,303.32427978515625,303.32440185546875,0.0001220703125,0.001,True
binh_dinh_grid_010,sp,342,99508.578125,99508.6015625,0.0234375,0.2,True
binh_dinh_grid_011,sp,342,99479.015625,99478.9765625,0.0390625,0.2,True
binh_dinh_grid_013,sp,342,97337.515625,97337.4765625,0.0390625,0.2,True
binh_dinh_grid_014,sp,342,99628.703125,99628.7265625,0.0234375,0.2,True
binh_dinh_grid_016,sp,342,97143.953125,97143.9765625,0.0234375,0.2,True
binh_dinh_grid_010,tcc,342,99.97859954833984,99.97860717773438,7.62939453125e-06,0.005,True
binh_dinh_grid_011,tcc,342,99.62425994873047,99.62425231933594,7.62939453125e-06,0.005,True
binh_dinh_grid_013,tcc,342,99.99877166748047,99.99876403808594,7.62939453125e-06,0.005,True
binh_dinh_grid_014,tcc,342,99.89830780029297,99.89830780029297,0.0,0.005,True
binh_dinh_grid_016,tcc,342,99.99999237060547,100.0,7.62939453125e-06,0.005,True
binh_dinh_grid_010,ssr,342,168089360.0,168089360.0,0.0,2048.0,True
binh_dinh_grid_011,ssr,342,218502928.0,218502928.0,0.0,2048.0,True
binh_dinh_grid_013,ssr,342,160257808.0,160257808.0,0.0,2048.0,True
binh_dinh_grid_014,ssr,342,217413392.0,217413392.0,0.0,2048.0,True
binh_dinh_grid_016,ssr,342,167986960.0,167986960.0,0.0,2048.0,True
binh_dinh_grid_010,tp,342,25.669639587402344,25.669638633728027,9.5367431640625e-07,0.0001,True
binh_dinh_grid_011,tp,342,23.036006927490234,23.036002159118652,4.76837158203125e-06,0.0001,True
binh_dinh_grid_013,tp,342,37.8448371887207,37.84484004974365,2.86102294921875e-06,0.0001,True
binh_dinh_grid_014,tp,342,21.16956329345703,21.169562339782715,9.5367431640625e-07,0.0001,True
binh_dinh_grid_016,tp,342,47.42610168457031,47.426093101501465,8.58306884765625e-06,0.0001,True
binh_dinh_grid_010,10u,348,5.146169662475586,5.1461087465286255,6.091594696044922e-05,0.001,True
binh_dinh_grid_011,10u,348,5.242849349975586,5.2427884340286255,6.091594696044922e-05,0.001,True
binh_dinh_grid_013,10u,348,5.460744857788086,5.4606839418411255,6.091594696044922e-05,0.001,True
binh_dinh_grid_014,10u,348,5.946828842163086,5.9467679262161255,6.091594696044922e-05,0.001,True
binh_dinh_grid_016,10u,348,5.622121810913086,5.6221829652786255,6.115436553955078e-05,0.001,True
binh_dinh_grid_010,10v,348,3.2570135593414307,3.2569754123687744,3.814697265625e-05,0.001,True
binh_dinh_grid_011,10v,348,4.377313852310181,4.377336740493774,2.288818359375e-05,0.001,True
binh_dinh_grid_013,10v,348,3.4784491062164307,3.4784109592437744,3.814697265625e-05,0.001,True
binh_dinh_grid_014,10v,348,3.2147772312164307,3.2147390842437744,3.814697265625e-05,0.001,True
binh_dinh_grid_016,10v,348,2.3303778171539307,2.3303396701812744,3.814697265625e-05,0.001,True
binh_dinh_grid_010,2d,348,296.4203186035156,296.4203186035156,0.0,0.001,True
binh_dinh_grid_011,2d,348,296.8049621582031,296.8049621582031,0.0,0.001,True
binh_dinh_grid_013,2d,348,295.9048767089844,295.9048767089844,0.0,0.001,True
binh_dinh_grid_014,2d,348,296.5254821777344,296.5254821777344,0.0,0.001,True
binh_dinh_grid_016,2d,348,295.8053283691406,295.8053283691406,0.0,0.001,True
binh_dinh_grid_010,2t,348,302.495361328125,302.4953918457031,3.0517578125e-05,0.001,True
binh_dinh_grid_011,2t,348,302.788818359375,302.7888488769531,3.0517578125e-05,0.001,True
binh_dinh_grid_013,2t,348,300.5390625,300.5390930175781,3.0517578125e-05,0.001,True
binh_dinh_grid_014,2t,348,303.09783935546875,303.0979309082031,9.1552734375e-05,0.001,True
binh_dinh_grid_016,2t,348,300.15155029296875,300.1516418457031,9.1552734375e-05,0.001,True
binh_dinh_grid_010,sp,348,99667.3046875,99667.3046875,0.0,0.2,True
binh_dinh_grid_011,sp,348,99600.6796875,99600.6796875,0.0,0.2,True
binh_dinh_grid_013,sp,348,97463.0546875,97463.0546875,0.0,0.2,True
binh_dinh_grid_014,sp,348,99741.6171875,99741.5546875,0.0625,0.2,True
binh_dinh_grid_016,sp,348,97272.5546875,97272.5546875,0.0,0.2,True
binh_dinh_grid_010,tcc,348,99.99886703491211,99.99886322021484,3.814697265625e-06,0.005,True
binh_dinh_grid_011,tcc,348,99.95154190063477,99.95154571533203,3.814697265625e-06,0.005,True
binh_dinh_grid_013,tcc,348,100.0,100.00000762939453,7.62939453125e-06,0.005,True
binh_dinh_grid_014,tcc,348,99.9990406036377,99.9990463256836,5.7220458984375e-06,0.005,True
binh_dinh_grid_016,tcc,348,99.99819374084473,99.9981918334961,1.9073486328125e-06,0.005,True
binh_dinh_grid_010,ssr,348,173671040.0,173671040.0,0.0,2048.0,True
binh_dinh_grid_011,ssr,348,224819840.0,224819840.0,0.0,2048.0,True
binh_dinh_grid_013,ssr,348,163656320.0,163656320.0,0.0,2048.0,True
binh_dinh_grid_014,ssr,348,221715072.0,221715072.0,0.0,2048.0,True
binh_dinh_grid_016,ssr,348,171043456.0,171043456.0,0.0,2048.0,True
binh_dinh_grid_010,tp,348,25.669639587402344,25.669638633728027,9.5367431640625e-07,0.0001,True
binh_dinh_grid_011,tp,348,23.036006927490234,23.036002159118652,4.76837158203125e-06,0.0001,True
binh_dinh_grid_013,tp,348,37.9695930480957,37.96959590911865,2.86102294921875e-06,0.0001,True
binh_dinh_grid_014,tp,348,21.16956329345703,21.169562339782715,9.5367431640625e-07,0.0001,True
binh_dinh_grid_016,tp,348,47.79458999633789,47.79459285736084,2.86102294921875e-06,0.0001,True
binh_dinh_grid_010,10u,354,9.019865274429321,9.019940853118896,7.557868957519531e-05,0.001,True
binh_dinh_grid_011,10u,354,5.381559610366821,5.3815131187438965,4.649162292480469e-05,0.001,True
binh_dinh_grid_013,10u,354,5.861906290054321,5.8619818687438965,7.557868957519531e-05,0.001,True
binh_dinh_grid_014,10u,354,3.7104170322418213,3.7103705406188965,4.649162292480469e-05,0.001,True
binh_dinh_grid_016,10u,354,6.295744180679321,6.2958197593688965,7.557868957519531e-05,0.001,True
binh_dinh_grid_010,10v,354,2.2919414043426514,2.292022228240967,8.082389831542969e-05,0.001,True
binh_dinh_grid_011,10v,354,3.9856669902801514,3.985747814178467,8.082389831542969e-05,0.001,True
binh_dinh_grid_013,10v,354,2.1773173809051514,2.177276134490967,4.124641418457031e-05,0.001,True
binh_dinh_grid_014,10v,354,2.9810283184051514,2.981109142303467,8.082389831542969e-05,0.001,True
binh_dinh_grid_016,10v,354,2.5495097637176514,2.549468517303467,4.124641418457031e-05,0.001,True
binh_dinh_grid_010,2d,354,295.9853820800781,295.9853210449219,6.103515625e-05,0.001,True
binh_dinh_grid_011,2d,354,296.3686218261719,296.3686218261719,0.0,0.001,True
binh_dinh_grid_013,2d,354,295.76947021484375,295.7695007324219,3.0517578125e-05,0.001,True
binh_dinh_grid_014,2d,354,296.2782287597656,296.2782897949219,6.103515625e-05,0.001,True
binh_dinh_grid_016,2d,354,295.5693359375,295.5693054199219,3.0517578125e-05,0.001,True
binh_dinh_grid_010,2t,354,301.4319152832031,301.4319763183594,6.103515625e-05,0.001,True
binh_dinh_grid_011,2t,354,301.4063415527344,301.4063415527344,0.0,0.001,True
binh_dinh_grid_013,2t,354,299.4258728027344,299.4258728027344,0.0,0.001,True
binh_dinh_grid_014,2t,354,301.6365661621094,301.6365661621094,0.0,0.001,True
binh_dinh_grid_016,2t,354,299.4471740722656,299.4471130371094,6.103515625e-05,0.001,True
binh_dinh_grid_010,sp,354,99565.25,99565.296875,0.046875,0.2,True
binh_dinh_grid_011,sp,354,99563.5,99563.546875,0.046875,0.2,True
binh_dinh_grid_013,sp,354,97354.9375,97354.921875,0.015625,0.2,True
binh_dinh_grid_014,sp,354,99726.75,99726.796875,0.046875,0.2,True
binh_dinh_grid_016,sp,354,97173.0625,97173.046875,0.015625,0.2,True
binh_dinh_grid_010,tcc,354,99.99590301513672,99.99588775634766,1.52587890625e-05,0.005,True
binh_dinh_grid_011,tcc,354,99.93816375732422,99.93816375732422,0.0,0.005,True
binh_dinh_grid_013,tcc,354,99.97750091552734,99.9775161743164,1.52587890625e-05,0.005,True
binh_dinh_grid_014,tcc,354,99.88704681396484,99.88704681396484,0.0,0.005,True
binh_dinh_grid_016,tcc,354,99.9880599975586,99.9880599975586,0.0,0.005,True
binh_dinh_grid_010,ssr,354,173671040.0,173671040.0,0.0,2048.0,True
binh_dinh_grid_011,ssr,354,224819840.0,224819840.0,0.0,2048.0,True
binh_dinh_grid_013,ssr,354,163656320.0,163656320.0,0.0,2048.0,True
binh_dinh_grid_014,ssr,354,221715072.0,221715072.0,0.0,2048.0,True
binh_dinh_grid_016,ssr,354,171043456.0,171043456.0,0.0,2048.0,True
binh_dinh_grid_010,tp,354,25.669639587402344,25.669638633728027,9.5367431640625e-07,0.0001,True
binh_dinh_grid_011,tp,354,23.036006927490234,23.036002159118652,4.76837158203125e-06,0.0001,True
binh_dinh_grid_013,tp,354,38.07347106933594,38.07346248626709,8.58306884765625e-06,0.0001,True
binh_dinh_grid_014,tp,354,21.16956329345703,21.169562339782715,9.5367431640625e-07,0.0001,True
binh_dinh_grid_016,tp,354,47.94028854370117,47.94028377532959,4.76837158203125e-06,0.0001,True
binh_dinh_grid_010,10u,360,3.37085223197937,3.37092387676239,7.164478302001953e-05,0.001,True
binh_dinh_grid_011,10u,360,3.43335223197937,3.43342387676239,7.164478302001953e-05,0.001,True
binh_dinh_grid_013,10u,360,2.59076189994812,2.59065043926239,0.00011146068572998047,0.001,True
binh_dinh_grid_014,10u,360,3.89819598197937,3.89826762676239,7.164478302001953e-05,0.001,True
binh_dinh_grid_016,10u,360,3.89850115776062,3.89851176738739,1.0609626770019531e-05,0.001,True
binh_dinh_grid_010,10v,360,1.9216480255126953,1.9216853976249695,3.737211227416992e-05,0.001,True
binh_dinh_grid_011,10v,360,3.5652027130126953,3.5652400851249695,3.737211227416992e-05,0.001,True
binh_dinh_grid_013,10v,360,1.7508716583251953,1.7509090304374695,3.737211227416992e-05,0.001,True
binh_dinh_grid_014,10v,360,3.2955493927001953,3.2955867648124695,3.737211227416992e-05,0.001,True
binh_dinh_grid_016,10v,360,2.5562915802001953,2.5563289523124695,3.737211227416992e-05,0.001,True
binh_dinh_grid_010,2d,360,296.0646667480469,296.0646667480469,0.0,0.001,True
binh_dinh_grid_011,2d,360,296.3484802246094,296.3484802246094,0.0,0.001,True
binh_dinh_grid_013,2d,360,295.4057922363281,295.4058532714844,6.103515625e-05,0.001,True
binh_dinh_grid_014,2d,360,295.8672790527344,295.8672790527344,0.0,0.001,True
binh_dinh_grid_016,2d,360,295.1595764160156,295.1596374511719,6.103515625e-05,0.001,True
binh_dinh_grid_010,2t,360,301.2568664550781,301.25689697265625,3.0517578125e-05,0.001,True
binh_dinh_grid_011,2t,360,301.3689270019531,301.36895751953125,3.0517578125e-05,0.001,True
binh_dinh_grid_013,2t,360,299.8056335449219,299.80572509765625,9.1552734375e-05,0.001,True
binh_dinh_grid_014,2t,360,302.2997131347656,302.29962158203125,9.1552734375e-05,0.001,True
binh_dinh_grid_016,2t,360,299.8408508300781,299.84088134765625,3.0517578125e-05,0.001,True
binh_dinh_grid_010,sp,360,99624.6484375,99624.71875,0.0703125,0.2,True
binh_dinh_grid_011,sp,360,99574.5234375,99574.46875,0.0546875,0.2,True
binh_dinh_grid_013,sp,360,97414.2109375,97414.21875,0.0078125,0.2,True
binh_dinh_grid_014,sp,360,99718.0859375,99718.09375,0.0078125,0.2,True
binh_dinh_grid_016,sp,360,97209.9609375,97209.96875,0.0078125,0.2,True
binh_dinh_grid_010,tcc,360,99.99726867675781,99.9972915649414,2.288818359375e-05,0.005,True
binh_dinh_grid_011,tcc,360,99.96028137207031,99.9603042602539,2.288818359375e-05,0.005,True
binh_dinh_grid_013,tcc,360,99.99037170410156,99.9903335571289,3.814697265625e-05,0.005,True
binh_dinh_grid_014,tcc,360,99.51185607910156,99.51187896728516,2.288818359375e-05,0.005,True
binh_dinh_grid_016,tcc,360,99.86470031738281,99.8647232055664,2.288818359375e-05,0.005,True
binh_dinh_grid_010,ssr,360,173787616.0,173787616.0,0.0,2048.0,True
binh_dinh_grid_011,ssr,360,225071584.0,225071584.0,0.0,2048.0,True
binh_dinh_grid_013,ssr,360,163799520.0,163799520.0,0.0,2048.0,True
binh_dinh_grid_014,ssr,360,222005728.0,222005728.0,0.0,2048.0,True
binh_dinh_grid_016,ssr,360,171205088.0,171205088.0,0.0,2048.0,True
binh_dinh_grid_010,tp,360,25.669639587402344,25.669638633728027,9.5367431640625e-07,0.0001,True
binh_dinh_grid_011,tp,360,23.036006927490234,23.036002159118652,4.76837158203125e-06,0.0001,True
binh_dinh_grid_013,tp,360,38.331024169921875,38.33103084564209,6.67572021484375e-06,0.0001,True
binh_dinh_grid_014,tp,360,21.171710968017578,21.171713829040527,2.86102294921875e-06,0.0001,True
binh_dinh_grid_016,tp,360,48.04786682128906,48.04787349700928,6.67572021484375e-06,0.0001,True
